Glyph Name, Unicode, Character, Description, Glyph Set, Optional
A,65,A,LATIN CAPITAL LETTER A,GF-latin-core,0
B,66,B,LATIN CAPITAL LETTER B,GF-latin-core,0
C,67,C,LATIN CAPITAL LETTER C,GF-latin-core,0
D,68,D,LATIN CAPITAL LETTER D,GF-latin-core,0
E,69,E,LATIN CAPITAL LETTER E,GF-latin-core,0
F,70,F,LATIN CAPITAL LETTER F,GF-latin-core,0
G,71,G,LATIN CAPITAL LETTER G,GF-latin-core,0
H,72,H,LATIN CAPITAL LETTER H,GF-latin-core,0
I,73,I,LATIN CAPITAL LETTER I,GF-latin-core,0
J,74,J,LATIN CAPITAL LETTER J,GF-latin-core,0
K,75,K,LATIN CAPITAL LETTER K,GF-latin-core,0
L,76,L,LATIN CAPITAL LETTER L,GF-latin-core,0
M,77,M,LATIN CAPITAL LETTER M,GF-latin-core,0
N,78,N,LATIN CAPITAL LETTER N,GF-latin-core,0
O,79,O,LATIN CAPITAL LETTER O,GF-latin-core,0
P,80,P,LATIN CAPITAL LETTER P,GF-latin-core,0
Q,81,Q,LATIN CAPITAL LETTER Q,GF-latin-core,0
R,82,R,LATIN CAPITAL LETTER R,GF-latin-core,0
S,83,S,LATIN CAPITAL LETTER S,GF-latin-core,0
T,84,T,LATIN CAPITAL LETTER T,GF-latin-core,0
U,85,U,LATIN CAPITAL LETTER U,GF-latin-core,0
V,86,V,LATIN CAPITAL LETTER V,GF-latin-core,0
W,87,W,LATIN CAPITAL LETTER W,GF-latin-core,0
X,88,X,LATIN CAPITAL LETTER X,GF-latin-core,0
Y,89,Y,LATIN CAPITAL LETTER Y,GF-latin-core,0
Z,90,Z,LATIN CAPITAL LETTER Z,GF-latin-core,0
a,97,a,LATIN SMALL LETTER A,GF-latin-core,0
b,98,b,LATIN SMALL LETTER B,GF-latin-core,0
c,99,c,LATIN SMALL LETTER C,GF-latin-core,0
d,100,d,LATIN SMALL LETTER D,GF-latin-core,0
e,101,e,LATIN SMALL LETTER E,GF-latin-core,0
f,102,f,LATIN SMALL LETTER F,GF-latin-core,0
g,103,g,LATIN SMALL LETTER G,GF-latin-core,0
h,104,h,LATIN SMALL LETTER H,GF-latin-core,0
i,105,i,LATIN SMALL LETTER I,GF-latin-core,0
j,106,j,LATIN SMALL LETTER J,GF-latin-core,0
k,107,k,LATIN SMALL LETTER K,GF-latin-core,0
l,108,l,LATIN SMALL LETTER L,GF-latin-core,0
m,109,m,LATIN SMALL LETTER M,GF-latin-core,0
n,110,n,LATIN SMALL LETTER N,GF-latin-core,0
o,111,o,LATIN SMALL LETTER O,GF-latin-core,0
p,112,p,LATIN SMALL LETTER P,GF-latin-core,0
q,113,q,LATIN SMALL LETTER Q,GF-latin-core,0
r,114,r,LATIN SMALL LETTER R,GF-latin-core,0
s,115,s,LATIN SMALL LETTER S,GF-latin-core,0
t,116,t,LATIN SMALL LETTER T,GF-latin-core,0
u,117,u,LATIN SMALL LETTER U,GF-latin-core,0
v,118,v,LATIN SMALL LETTER V,GF-latin-core,0
w,119,w,LATIN SMALL LETTER W,GF-latin-core,0
x,120,x,LATIN SMALL LETTER X,GF-latin-core,0
y,121,y,LATIN SMALL LETTER Y,GF-latin-core,0
z,122,z,LATIN SMALL LETTER Z,GF-latin-core,0
zero,48,0,DIGIT ZERO,GF-latin-core,0
one,49,1,DIGIT ONE,GF-latin-core,0
two,50,2,DIGIT TWO,GF-latin-core,0
three,51,3,DIGIT THREE,GF-latin-core,0
four,52,4,DIGIT FOUR,GF-latin-core,0
five,53,5,DIGIT FIVE,GF-latin-core,0
six,54,6,DIGIT SIX,GF-latin-core,0
seven,55,7,DIGIT SEVEN,GF-latin-core,0
eight,56,8,DIGIT EIGHT,GF-latin-core,0
nine,57,9,DIGIT NINE,GF-latin-core,0
period,46,.,FULL STOP,GF-latin-core,0
comma,44,&comma;,COMMA,GF-latin-core,0
colon,58,:,COLON,GF-latin-core,0
semicolon,59,;,SEMICOLON,GF-latin-core,0
periodcentered,183,·,MIDDLE DOT,GF-latin-core,0
ellipsis,8230,…,HORIZONTAL ELLIPSIS,GF-latin-core,0
exclam,33,!,EXCLAMATION MARK,GF-latin-core,0
exclamdown,161,¡,INVERTED EXCLAMATION MARK,GF-latin-core,0
question,63,?,QUESTION MARK,GF-latin-core,0
questiondown,191,¿,INVERTED QUESTION MARK,GF-latin-core,0
quotesingle,39,',APOSTROPHE,GF-latin-core,0
quotedbl,34,&quot;,QUOTATION MARK,GF-latin-core,0
quoteleft,8216,‘,LEFT SINGLE QUOTATION MARK,GF-latin-core,0
quoteright,8217,’,RIGHT SINGLE QUOTATION MARK,GF-latin-core,0
quotesinglbase,8218,‚,SINGLE LOW-9 QUOTATION MARK,GF-latin-core,0
quotedblleft,8220,“,LEFT DOUBLE QUOTATION MARK,GF-latin-core,0
quotedblright,8221,”,RIGHT DOUBLE QUOTATION MARK,GF-latin-core,0
quotedblbase,8222,„,DOUBLE LOW-9 QUOTATION MARK,GF-latin-core,0
guilsinglleft,8249,‹,SINGLE LEFT-POINTING ANGLE QUOTATION MARK,GF-latin-core,0
guilsinglright,8250,›,SINGLE RIGHT-POINTING ANGLE QUOTATION MARK,GF-latin-core,0
guillemetleft,171,«,LEFT-POINTING DOUBLE ANGLE QUOTATION MARK,GF-latin-core,0
guillemetright,187,»,RIGHT-POINTING DOUBLE ANGLE QUOTATION MARK,GF-latin-core,0
parenleft,40,(,LEFT PARENTHESIS,GF-latin-core,0
parenright,41,),RIGHT PARENTHESIS,GF-latin-core,0
bracketleft,91,[,LEFT SQUARE BRACKET,GF-latin-core,0
bracketright,93,],RIGHT SQUARE BRACKET,GF-latin-core,0
braceleft,123,{,LEFT CURLY BRACKET,GF-latin-core,0
braceright,125,},RIGHT CURLY BRACKET,GF-latin-core,0
slash,47,/,SOLIDUS,GF-latin-core,0
bar,124,|,VERTICAL LINE,GF-latin-core,0
brokenbar,166,¦,BROKEN BAR,GF-latin-core,0
backslash,92,\,REVERSE SOLIDUS,GF-latin-core,0
fraction,8260,⁄,FRACTION SLASH,GF-latin-core,0
bullet,8226,•,BULLET,GF-latin-core,0
hyphen,45,-,HYPHEN-MINUS,GF-latin-core,0
hyphensoft,173,­,SOFT HYPHEN,GF-latin-core,0
endash,8211,–,EN DASH,GF-latin-core,0
emdash,8212,—,EM DASH,GF-latin-core,0
underscore,95,_,LOW LINE,GF-latin-core,0
dollar,36,$,DOLLAR SIGN,GF-latin-core,0
cent,162,¢,CENT SIGN,GF-latin-core,0
sterling,163,£,POUND SIGN,GF-latin-core,0
yen,165,¥,YEN SIGN,GF-latin-core,0
Euro,8364,€,EURO SIGN,GF-latin-core,0
colonmonetary,8353,₡,COLON SIGN,GF-latin-plus,0
franc,8355,₣,FRENCH FRANC SIGN,GF-latin-plus,0
lira,8356,₤,LIRA SIGN,GF-latin-plus,0
naira,8358,₦,NAIRA SIGN,GF-latin-plus,0
peseta,8359,₧,PESETA SIGN,GF-latin-plus,0
won,8361,₩,WON SIGN,GF-latin-plus,0
dong,8363,₫,DONG SIGN,GF-latin-plus,0
kip,8365,₭,KIP SIGN,GF-latin-plus,0
peso,8369,₱,PESO SIGN,GF-latin-plus,0
guarani,8370,₲,GUARANI SIGN,GF-latin-plus,0
cedi,8373,₵,CEDI SIGN,GF-latin-plus,0
indianrupee,8377,₹,INDIAN RUPEE SIGN,GF-latin-plus,0
turkishlira,8378,₺,TURKISH LIRA SIGN,GF-latin-plus,0
manat,8380,₼,MANAT SIGN,GF-latin-plus,0
ruble,8381,₽,RUBLE SIGN,GF-latin-plus,0
numero,8470,№,NUMERO SIGN,GF-latin-plus,0
currency,164,¤,CURRENCY SIGN,GF-latin-core,0
plus,43,+,PLUS SIGN,GF-latin-core,0
minus,8722,−,MINUS SIGN,GF-latin-core,0
multiply,215,×,MULTIPLICATION SIGN,GF-latin-core,0
bulletoperator,8729,∙,BULLET OPERATOR,GF-latin-plus,0
divide,247,÷,DIVISION SIGN,GF-latin-core,0
plusminus,177,±,PLUS-MINUS SIGN,GF-latin-core,0
equal,61,=,EQUALS SIGN,GF-latin-core,0
approxequal,8776,≈,ALMOST EQUAL TO,GF-latin-plus,0
notequal,8800,≠,NOT EQUAL TO,GF-latin-plus,0
less,60,<,LESS-THAN SIGN,GF-latin-core,0
greater,62,>,GREATER-THAN SIGN,GF-latin-core,0
lessequal,8804,≤,LESS-THAN OR EQUAL TO,GF-latin-plus,0
greaterequal,8805,≥,GREATER-THAN OR EQUAL TO,GF-latin-plus,0
bracketangleleft,10216,⟨,MATHEMATICAL LEFT ANGLE BRACKET,GF-latin-plus,0
bracketangleright,10217,⟩,MATHEMATICAL RIGHT ANGLE BRACKET,GF-latin-plus,0
divisionslash,8725,∕,DIVISION SLASH,GF-latin-core,0
logicalnot,172,¬,NOT SIGN,GF-latin-core,0
mu.math,181,µ,MICRO SIGN,GF-latin-core,0
asterisk,42,*,ASTERISK,GF-latin-core,0
dagger,8224,†,DAGGER,GF-latin-plus,0
daggerdbl,8225,‡,DOUBLE DAGGER,GF-latin-plus,0
asciicircum,94,^,CIRCUMFLEX ACCENT,GF-latin-core,0
asciitilde,126,~,TILDE,GF-latin-core,0
percent,37,%,PERCENT SIGN,GF-latin-core,0
perthousand,8240,‰,PER MILLE SIGN,GF-latin-plus,0
degree,176,°,DEGREE SIGN,GF-latin-core,0
minute,8242,′,PRIME,GF-latin-plus,0
second,8243,″,DOUBLE PRIME,GF-latin-plus,0
gnrl:hyphen,8208,‐,HYPHEN,GF-latin-plus,0
commercialminussign,8274,⁒,COMMERCIAL MINUS SIGN,GF-latin-plus,0
ordmasculine,186,º,MASCULINE ORDINAL INDICATOR,GF-latin-core,0
ordfeminine,170,ª,FEMININE ORDINAL INDICATOR,GF-latin-core,0
copyright,169,©,COPYRIGHT SIGN,GF-latin-core,0
registered,174,®,REGISTERED SIGN,GF-latin-core,0
trademark,8482,™,TRADE MARK SIGN,GF-latin-plus,0
at,64,@,COMMERCIAL AT,GF-latin-core,0
numbersign,35,#,NUMBER SIGN,GF-latin-core,0
ampersand,38,&,AMPERSAND,GF-latin-core,0
section,167,§,SECTION SIGN,GF-latin-core,0
paragraph,182,¶,PILCROW SIGN,GF-latin-core,0
pi,960,π,GREEK SMALL LETTER PI,GF-latin-pro,0
litre,8467,ℓ,SCRIPT SMALL L,GF-latin-pro,0
ohm,8486,Ω,OHM SIGN,GF-latin-pro,0
estimated,8494,℮,ESTIMATED SYMBOL,GF-latin-pro,0
partialdiff,8706,∂,PARTIAL DIFFERENTIAL,GF-latin-pro,0
emptyset,8709,∅,EMPTY SET,GF-latin-pro,0
increment,8710,∆,INCREMENT,GF-latin-pro,0
product,8719,∏,N-ARY PRODUCT,GF-latin-pro,0
summation,8721,∑,N-ARY SUMMATION,GF-latin-pro,0
radical,8730,√,SQUARE ROOT,GF-latin-pro,0
infinity,8734,∞,INFINITY,GF-latin-pro,0
integral,8747,∫,INTEGRAL,GF-latin-pro,0
lozenge,9674,◊,LOZENGE,GF-latin-pro,0
zero.dnom,,,,GF-latin-pro,0
one.dnom,,,,GF-latin-pro,0
two.dnom,,,,GF-latin-pro,0
three.dnom,,,,GF-latin-pro,0
four.dnom,,,,GF-latin-pro,0
five.dnom,,,,GF-latin-pro,0
six.dnom,,,,GF-latin-pro,0
seven.dnom,,,,GF-latin-pro,0
eight.dnom,,,,GF-latin-pro,0
nine.dnom,,,,GF-latin-pro,0
zero.numr,,,,GF-latin-pro,0
one.numr,,,,GF-latin-pro,0
two.numr,,,,GF-latin-pro,0
three.numr,,,,GF-latin-pro,0
four.numr,,,,GF-latin-pro,0
five.numr,,,,GF-latin-pro,0
six.numr,,,,GF-latin-pro,0
seven.numr,,,,GF-latin-pro,0
eight.numr,,,,GF-latin-pro,0
nine.numr,,,,GF-latin-pro,0
zero.subs,,,,GF-latin-pro,0
one.subs,,,,GF-latin-pro,0
two.subs,,,,GF-latin-pro,0
three.subs,,,,GF-latin-pro,0
four.subs,,,,GF-latin-pro,0
five.subs,,,,GF-latin-pro,0
six.subs,,,,GF-latin-pro,0
seven.subs,,,,GF-latin-pro,0
eight.subs,,,,GF-latin-pro,0
nine.subs,,,,GF-latin-pro,0
zero.superior,8304,⁰,SUPERSCRIPT ZERO,GF-latin-pro,0
onesuperior,185,¹,SUPERSCRIPT ONE,GF-latin-core,0
twosuperior,178,²,SUPERSCRIPT TWO,GF-latin-core,0
threesuperior,179,³,SUPERSCRIPT THREE,GF-latin-core,0
four.superior,8308,⁴,SUPERSCRIPT FOUR,GF-latin-core,0
five.superior,8309,⁵,SUPERSCRIPT FIVE,GF-latin-pro,0
six.superior,8310,⁶,SUPERSCRIPT SIX,GF-latin-pro,0
seven.superior,8311,⁷,SUPERSCRIPT SEVEN,GF-latin-pro,0
eight.superior,8312,⁸,SUPERSCRIPT EIGHT,GF-latin-pro,0
nine.superior,8313,⁹,SUPERSCRIPT NINE,GF-latin-pro,0
zero.inferior,8320,₀,SUBSCRIPT ZERO,GF-latin-pro,0
one.inferior,8321,₁,SUBSCRIPT ONE,GF-latin-pro,0
two.inferior,8322,₂,SUBSCRIPT TWO,GF-latin-pro,0
three.inferior,8323,₃,SUBSCRIPT THREE,GF-latin-pro,0
four.inferior,8324,₄,SUBSCRIPT FOUR,GF-latin-pro,0
five.inferior,8325,₅,SUBSCRIPT FIVE,GF-latin-pro,0
six.inferior,8326,₆,SUBSCRIPT SIX,GF-latin-pro,0
seven.inferior,8327,₇,SUBSCRIPT SEVEN,GF-latin-pro,0
eight.inferior,8328,₈,SUBSCRIPT EIGHT,GF-latin-pro,0
nine.inferior,8329,₉,SUBSCRIPT NINE,GF-latin-pro,0
onehalf,189,½,VULGAR FRACTION ONE HALF,GF-latin-core,0
onethird,8531,⅓,VULGAR FRACTION ONE THIRD,GF-latin-expert,0
onequarter,188,¼,VULGAR FRACTION ONE QUARTER,GF-latin-core,0
oneeighth,8539,⅛,VULGAR FRACTION ONE EIGHTH,GF-latin-expert,0
twothirds,8532,⅔,VULGAR FRACTION TWO THIRDS,GF-latin-expert,0
threequarters,190,¾,VULGAR FRACTION THREE QUARTERS,GF-latin-core,0
threeeighths,8540,⅜,VULGAR FRACTION THREE EIGHTHS,GF-latin-expert,0
fiveeighths,8541,⅝,VULGAR FRACTION FIVE EIGHTHS,GF-latin-expert,0
seveneighths,8542,⅞,VULGAR FRACTION SEVEN EIGHTHS,GF-latin-expert,0
dieresis,168,¨,DIAERESIS,GF-latin-core,0
grave,96,`,GRAVE ACCENT,GF-latin-core,0
macron,175,¯,MACRON,GF-latin-core,0
acute,180,´,ACUTE ACCENT,GF-latin-core,0
cedilla,184,¸,CEDILLA,GF-latin-core,0
circumflex,710,ˆ,MODIFIER LETTER CIRCUMFLEX ACCENT,GF-latin-core,0
ring,730,˚,RING ABOVE,GF-latin-core,0
tilde,732,˜,SMALL TILDE,GF-latin-core,0
primemod,697,ʹ,MODIFIER LETTER PRIME,GF-latin-plus,0
primedblmod,698,ʺ,MODIFIER LETTER DOUBLE PRIME,GF-latin-plus,0
apostrophemod,700,ʼ,MODIFIER LETTER APOSTROPHE,GF-latin-plus,0
caron,711,ˇ,CARON,GF-latin-plus,0
breve,728,˘,BREVE,GF-latin-plus,0
dotaccent,729,˙,DOT ABOVE,GF-latin-plus,0
ogonek,731,˛,OGONEK,GF-latin-plus,0
hungarumlaut,733,˝,DOUBLE ACUTE ACCENT,GF-latin-plus,0
gravecmb,768,̀,COMBINING GRAVE ACCENT,GF-latin-plus,0
acutecmb,769,́,COMBINING ACUTE ACCENT,GF-latin-plus,0
circumflexcmb,770,̂,COMBINING CIRCUMFLEX ACCENT,GF-latin-plus,0
tildecmb,771,̃,COMBINING TILDE,GF-latin-plus,0
macroncmb,772,̄,COMBINING MACRON,GF-latin-plus,0
brevecmb,774,̆,COMBINING BREVE,GF-latin-plus,0
dotaccentcmb,775,̇,COMBINING DOT ABOVE,GF-latin-plus,0
dieresiscmb,776,̈,COMBINING DIAERESIS,GF-latin-plus,0
hookabovecmb,777,̉,COMBINING HOOK ABOVE,GF-latin-plus,0
ringabovecmb,778,̊,COMBINING RING ABOVE,GF-latin-plus,0
hungarumlautcmb,779,̋,COMBINING DOUBLE ACUTE ACCENT,GF-latin-plus,0
caroncmb,780,̌,COMBINING CARON,GF-latin-plus,0
gravedoublecmb,783,̏,COMBINING DOUBLE GRAVE ACCENT,GF-latin-plus,0
invertedbrevecmb,785,̑,COMBINING INVERTED BREVE,GF-latin-plus,0
commaturnedabovecmb,786,̒,COMBINING TURNED COMMA ABOVE,GF-latin-plus,0
horncmb,795,̛,COMBINING HORN,GF-latin-plus,0
dotbelowcombcmb,803,̣,COMBINING DOT BELOW,GF-latin-plus,0
dieresisbelowcmb,804,̤,COMBINING DIAERESIS BELOW,GF-latin-plus,0
commaaccentbelowcmb,806,̦,COMBINING COMMA BELOW,GF-latin-plus,0
cedillacmb,807,̧,COMBINING CEDILLA,GF-latin-plus,0
ogonekcmb,808,̨,COMBINING OGONEK,GF-latin-plus,0
belowbrevecmb,814,̮,COMBINING BREVE BELOW,GF-latin-plus,0
macronbelowcmb,817,̱,COMBINING MACRON BELOW,GF-latin-plus,0
overlaystrokeshortcmb,821,̵,COMBINING SHORT STROKE OVERLAY,GF-latin-plus,0
circumflexcomb_acutecomb,,,,GF-latin-plus,0
circumflexcomb_gravecomb,,,,GF-latin-plus,0
circumflexcomb_hookabovecomb,,,,GF-latin-plus,0
circumflexcomb_tildecomb,,,,GF-latin-plus,0
brevecomb_acutecomb,,,,GF-latin-plus,0
brevecomb_gravecomb,,,,GF-latin-plus,0
brevecomb_hookabovecomb,,,,GF-latin-plus,0
brevecomb_tildecomb,,,,GF-latin-plus,0
idotaccent,,,,GF-latin-plus,0
caroncomb.alt,,,,GF-latin-plus,0
periodcentered.loclCAT,,,,GF-latin-plus,0
Aacute,193,Á,LATIN CAPITAL LETTER A WITH ACUTE,GF-latin-core,0
Abreve,258,Ă,LATIN CAPITAL LETTER A WITH BREVE,GF-latin-plus,0
Abreveacute,7854,Ắ,LATIN CAPITAL LETTER A WITH BREVE AND ACUTE,GF-latin-plus,0
Abrevedotbelow,7862,Ặ,LATIN CAPITAL LETTER A WITH BREVE AND DOT BELOW,GF-latin-plus,0
Abrevegrave,7856,Ằ,LATIN CAPITAL LETTER A WITH BREVE AND GRAVE,GF-latin-plus,0
Abrevehoi,7858,Ẳ,LATIN CAPITAL LETTER A WITH BREVE AND HOOK ABOVE,GF-latin-plus,0
Abrevetilde,7860,Ẵ,LATIN CAPITAL LETTER A WITH BREVE AND TILDE,GF-latin-plus,0
Acircumflex,194,Â,LATIN CAPITAL LETTER A WITH CIRCUMFLEX,GF-latin-core,0
Acircumflexacute,7844,Ấ,LATIN CAPITAL LETTER A WITH CIRCUMFLEX AND ACUTE,GF-latin-plus,0
Acircumflexdotbelow,7852,Ậ,LATIN CAPITAL LETTER A WITH CIRCUMFLEX AND DOT BELOW,GF-latin-plus,0
Acircumflexgrave,7846,Ầ,LATIN CAPITAL LETTER A WITH CIRCUMFLEX AND GRAVE,GF-latin-plus,0
Acircumflexhoi,7848,Ẩ,LATIN CAPITAL LETTER A WITH CIRCUMFLEX AND HOOK ABOVE,GF-latin-plus,0
Acircumflextilde,7850,Ẫ,LATIN CAPITAL LETTER A WITH CIRCUMFLEX AND TILDE,GF-latin-plus,0
Adieresis,196,Ä,LATIN CAPITAL LETTER A WITH DIAERESIS,GF-latin-core,0
Adotbelow,7840,Ạ,LATIN CAPITAL LETTER A WITH DOT BELOW,GF-latin-plus,0
Agravedbl,512,Ȁ,LATIN CAPITAL LETTER A WITH DOUBLE GRAVE,GF-latin-plus,0
Agrave,192,À,LATIN CAPITAL LETTER A WITH GRAVE,GF-latin-core,0
Ahoi,7842,Ả,LATIN CAPITAL LETTER A WITH HOOK ABOVE,GF-latin-plus,0
Ainvertedbreve,514,Ȃ,LATIN CAPITAL LETTER A WITH INVERTED BREVE,GF-latin-plus,0
Amacron,256,Ā,LATIN CAPITAL LETTER A WITH MACRON,GF-latin-plus,0
Aogonek,260,Ą,LATIN CAPITAL LETTER A WITH OGONEK,GF-latin-plus,0
Aring,197,Å,LATIN CAPITAL LETTER A WITH RING ABOVE,GF-latin-core,0
Aringacute,506,Ǻ,LATIN CAPITAL LETTER A WITH RING ABOVE AND ACUTE,GF-latin-plus,0
Atilde,195,Ã,LATIN CAPITAL LETTER A WITH TILDE,GF-latin-core,0
AE,198,Æ,LATIN CAPITAL LETTER AE,GF-latin-core,0
AEacute,508,Ǽ,LATIN CAPITAL LETTER AE WITH ACUTE,GF-latin-plus,0
Cacute,262,Ć,LATIN CAPITAL LETTER C WITH ACUTE,GF-latin-plus,0
Ccaron,268,Č,LATIN CAPITAL LETTER C WITH CARON,GF-latin-plus,0
Ccedilla,199,Ç,LATIN CAPITAL LETTER C WITH CEDILLA,GF-latin-core,0
Ccedillaacute,7688,Ḉ,LATIN CAPITAL LETTER C WITH CEDILLA AND ACUTE,GF-latin-pro,0
Ccircumflex,264,Ĉ,LATIN CAPITAL LETTER C WITH CIRCUMFLEX,GF-latin-plus,0
Cdotaccent,266,Ċ,LATIN CAPITAL LETTER C WITH DOT ABOVE,GF-latin-plus,0
Dcaron,270,Ď,LATIN CAPITAL LETTER D WITH CARON,GF-latin-plus,0
Ddotbelow,7692,Ḍ,LATIN CAPITAL LETTER D WITH DOT BELOW,GF-latin-pro,0
Dlinebelow,7694,Ḏ,LATIN CAPITAL LETTER D WITH LINE BELOW,GF-latin-pro,0
Dcroat,272,Đ,LATIN CAPITAL LETTER D WITH STROKE,GF-latin-plus,0
Eth,208,Ð,LATIN CAPITAL LETTER ETH,GF-latin-core,0
Eacute,201,É,LATIN CAPITAL LETTER E WITH ACUTE,GF-latin-core,0
Ebreve,276,Ĕ,LATIN CAPITAL LETTER E WITH BREVE,GF-latin-plus,0
Ecaron,282,Ě,LATIN CAPITAL LETTER E WITH CARON,GF-latin-plus,0
Ecedillabreve,7708,Ḝ,LATIN CAPITAL LETTER E WITH CEDILLA AND BREVE,GF-latin-pro,0
Ecircumflex,202,Ê,LATIN CAPITAL LETTER E WITH CIRCUMFLEX,GF-latin-core,0
Ecircumflexacute,7870,Ế,LATIN CAPITAL LETTER E WITH CIRCUMFLEX AND ACUTE,GF-latin-plus,0
Ecircumflexdotbelow,7878,Ệ,LATIN CAPITAL LETTER E WITH CIRCUMFLEX AND DOT BELOW,GF-latin-plus,0
Ecircumflexgrave,7872,Ề,LATIN CAPITAL LETTER E WITH CIRCUMFLEX AND GRAVE,GF-latin-plus,0
Ecircumflexhoi,7874,Ể,LATIN CAPITAL LETTER E WITH CIRCUMFLEX AND HOOK ABOVE,GF-latin-plus,0
Ecircumflextilde,7876,Ễ,LATIN CAPITAL LETTER E WITH CIRCUMFLEX AND TILDE,GF-latin-plus,0
Edieresis,203,Ë,LATIN CAPITAL LETTER E WITH DIAERESIS,GF-latin-core,0
Edotaccent,278,Ė,LATIN CAPITAL LETTER E WITH DOT ABOVE,GF-latin-plus,0
Edotbelow,7864,Ẹ,LATIN CAPITAL LETTER E WITH DOT BELOW,GF-latin-plus,0
Egravedbl,516,Ȅ,LATIN CAPITAL LETTER E WITH DOUBLE GRAVE,GF-latin-plus,0
Egrave,200,È,LATIN CAPITAL LETTER E WITH GRAVE,GF-latin-core,0
Ehoi,7866,Ẻ,LATIN CAPITAL LETTER E WITH HOOK ABOVE,GF-latin-plus,0
Einvertedbreve,518,Ȇ,LATIN CAPITAL LETTER E WITH INVERTED BREVE,GF-latin-plus,0
Emacron,274,Ē,LATIN CAPITAL LETTER E WITH MACRON,GF-latin-plus,0
Emacronacute,7702,Ḗ,LATIN CAPITAL LETTER E WITH MACRON AND ACUTE,GF-latin-pro,0
Emacrongrave,7700,Ḕ,LATIN CAPITAL LETTER E WITH MACRON AND GRAVE,GF-latin-pro,0
Eogonek,280,Ę,LATIN CAPITAL LETTER E WITH OGONEK,GF-latin-plus,0
Etilde,7868,Ẽ,LATIN CAPITAL LETTER E WITH TILDE,GF-latin-plus,0
Gbreve,286,Ğ,LATIN CAPITAL LETTER G WITH BREVE,GF-latin-plus,0
Gcaron,486,Ǧ,LATIN CAPITAL LETTER G WITH CARON,GF-latin-plus,0
Gcedilla,290,Ģ,LATIN CAPITAL LETTER G WITH CEDILLA,GF-latin-plus,0
Gcircumflex,284,Ĝ,LATIN CAPITAL LETTER G WITH CIRCUMFLEX,GF-latin-plus,0
Gdotaccent,288,Ġ,LATIN CAPITAL LETTER G WITH DOT ABOVE,GF-latin-plus,0
Gmacron,7712,Ḡ,LATIN CAPITAL LETTER G WITH MACRON,GF-latin-pro,0
Hbrevebelow,7722,Ḫ,LATIN CAPITAL LETTER H WITH BREVE BELOW,GF-latin-pro,0
Hcircumflex,292,Ĥ,LATIN CAPITAL LETTER H WITH CIRCUMFLEX,GF-latin-plus,0
Hdotbelow,7716,Ḥ,LATIN CAPITAL LETTER H WITH DOT BELOW,GF-latin-pro,0
Hbar,294,Ħ,LATIN CAPITAL LETTER H WITH STROKE,GF-latin-plus,0
Iacute,205,Í,LATIN CAPITAL LETTER I WITH ACUTE,GF-latin-core,0
Ibreve,300,Ĭ,LATIN CAPITAL LETTER I WITH BREVE,GF-latin-plus,0
Icircumflex,206,Î,LATIN CAPITAL LETTER I WITH CIRCUMFLEX,GF-latin-core,0
Idieresis,207,Ï,LATIN CAPITAL LETTER I WITH DIAERESIS,GF-latin-core,0
Idieresisacute,7726,Ḯ,LATIN CAPITAL LETTER I WITH DIAERESIS AND ACUTE,GF-latin-pro,0
Idotaccent,304,İ,LATIN CAPITAL LETTER I WITH DOT ABOVE,GF-latin-plus,0
Idotbelow,7882,Ị,LATIN CAPITAL LETTER I WITH DOT BELOW,GF-latin-plus,0
Igravedbl,520,Ȉ,LATIN CAPITAL LETTER I WITH DOUBLE GRAVE,GF-latin-plus,0
Igrave,204,Ì,LATIN CAPITAL LETTER I WITH GRAVE,GF-latin-core,0
Ihoi,7880,Ỉ,LATIN CAPITAL LETTER I WITH HOOK ABOVE,GF-latin-plus,0
Iinvertedbreve,522,Ȋ,LATIN CAPITAL LETTER I WITH INVERTED BREVE,GF-latin-plus,0
Imacron,298,Ī,LATIN CAPITAL LETTER I WITH MACRON,GF-latin-plus,0
Iogonek,302,Į,LATIN CAPITAL LETTER I WITH OGONEK,GF-latin-plus,0
Itilde,296,Ĩ,LATIN CAPITAL LETTER I WITH TILDE,GF-latin-plus,0
Jcircumflex,308,Ĵ,LATIN CAPITAL LETTER J WITH CIRCUMFLEX,GF-latin-plus,0
Kcedilla,310,Ķ,LATIN CAPITAL LETTER K WITH CEDILLA,GF-latin-plus,0
Lacute,313,Ĺ,LATIN CAPITAL LETTER L WITH ACUTE,GF-latin-plus,0
Lcaron,317,Ľ,LATIN CAPITAL LETTER L WITH CARON,GF-latin-plus,0
Lcedilla,315,Ļ,LATIN CAPITAL LETTER L WITH CEDILLA,GF-latin-plus,0
Ldotbelow,7734,Ḷ,LATIN CAPITAL LETTER L WITH DOT BELOW,GF-latin-pro,0
Llinebelow,7738,Ḻ,LATIN CAPITAL LETTER L WITH LINE BELOW,GF-latin-pro,0
Ldot,319,Ŀ,LATIN CAPITAL LETTER L WITH MIDDLE DOT,GF-latin-plus,0
Lslash,321,Ł,LATIN CAPITAL LETTER L WITH STROKE,GF-latin-plus,0
Mdotbelow,7746,Ṃ,LATIN CAPITAL LETTER M WITH DOT BELOW,GF-latin-pro,0
Nacute,323,Ń,LATIN CAPITAL LETTER N WITH ACUTE,GF-latin-plus,0
Ncaron,327,Ň,LATIN CAPITAL LETTER N WITH CARON,GF-latin-plus,0
Ncedilla,325,Ņ,LATIN CAPITAL LETTER N WITH CEDILLA,GF-latin-plus,0
Ndot,7748,Ṅ,LATIN CAPITAL LETTER N WITH DOT ABOVE,GF-latin-pro,0
Ndotbelow,7750,Ṇ,LATIN CAPITAL LETTER N WITH DOT BELOW,GF-latin-pro,0
Nlinebelow,7752,Ṉ,LATIN CAPITAL LETTER N WITH LINE BELOW,GF-latin-pro,0
Ntilde,209,Ñ,LATIN CAPITAL LETTER N WITH TILDE,GF-latin-core,0
Eng,330,Ŋ,LATIN CAPITAL LETTER ENG,GF-latin-plus,0
Oacute,211,Ó,LATIN CAPITAL LETTER O WITH ACUTE,GF-latin-core,0
Obreve,334,Ŏ,LATIN CAPITAL LETTER O WITH BREVE,GF-latin-plus,0
Ocircumflex,212,Ô,LATIN CAPITAL LETTER O WITH CIRCUMFLEX,GF-latin-core,0
Ocircumflexacute,7888,Ố,LATIN CAPITAL LETTER O WITH CIRCUMFLEX AND ACUTE,GF-latin-plus,0
Ocircumflexdotbelow,7896,Ộ,LATIN CAPITAL LETTER O WITH CIRCUMFLEX AND DOT BELOW,GF-latin-plus,0
Ocircumflexgrave,7890,Ồ,LATIN CAPITAL LETTER O WITH CIRCUMFLEX AND GRAVE,GF-latin-plus,0
Ocircumflexhoi,7892,Ổ,LATIN CAPITAL LETTER O WITH CIRCUMFLEX AND HOOK ABOVE,GF-latin-plus,0
Ocircumflextilde,7894,Ỗ,LATIN CAPITAL LETTER O WITH CIRCUMFLEX AND TILDE,GF-latin-plus,0
Odieresis,214,Ö,LATIN CAPITAL LETTER O WITH DIAERESIS,GF-latin-core,0
Odieresismacron,554,Ȫ,LATIN CAPITAL LETTER O WITH DIAERESIS AND MACRON,GF-latin-plus,0
Odotmacron,560,Ȱ,LATIN CAPITAL LETTER O WITH DOT ABOVE AND MACRON,GF-latin-plus,0
Odotbelow,7884,Ọ,LATIN CAPITAL LETTER O WITH DOT BELOW,GF-latin-plus,0
Ohungarumlaut,336,Ő,LATIN CAPITAL LETTER O WITH DOUBLE ACUTE,GF-latin-plus,0
Ogravedbl,524,Ȍ,LATIN CAPITAL LETTER O WITH DOUBLE GRAVE,GF-latin-plus,0
Ograve,210,Ò,LATIN CAPITAL LETTER O WITH GRAVE,GF-latin-core,0
Ohoi,7886,Ỏ,LATIN CAPITAL LETTER O WITH HOOK ABOVE,GF-latin-plus,0
Ohorn,416,Ơ,LATIN CAPITAL LETTER O WITH HORN,GF-latin-plus,0
Ohornacute,7898,Ớ,LATIN CAPITAL LETTER O WITH HORN AND ACUTE,GF-latin-plus,0
Ohorndotbelow,7906,Ợ,LATIN CAPITAL LETTER O WITH HORN AND DOT BELOW,GF-latin-plus,0
Ohorngrave,7900,Ờ,LATIN CAPITAL LETTER O WITH HORN AND GRAVE,GF-latin-plus,0
Ohornhoi,7902,Ở,LATIN CAPITAL LETTER O WITH HORN AND HOOK ABOVE,GF-latin-plus,0
Ohorntilde,7904,Ỡ,LATIN CAPITAL LETTER O WITH HORN AND TILDE,GF-latin-plus,0
Oinvertedbreve,526,Ȏ,LATIN CAPITAL LETTER O WITH INVERTED BREVE,GF-latin-plus,0
Omacron,332,Ō,LATIN CAPITAL LETTER O WITH MACRON,GF-latin-plus,0
Omacronacute,7762,Ṓ,LATIN CAPITAL LETTER O WITH MACRON AND ACUTE,GF-latin-pro,0
Omacrongrave,7760,Ṑ,LATIN CAPITAL LETTER O WITH MACRON AND GRAVE,GF-latin-pro,0
Oogonek,490,Ǫ,LATIN CAPITAL LETTER O WITH OGONEK,GF-latin-plus,0
Oslash,216,Ø,LATIN CAPITAL LETTER O WITH STROKE,GF-latin-core,0
Oslashacute,510,Ǿ,LATIN CAPITAL LETTER O WITH STROKE AND ACUTE,GF-latin-plus,0
Otilde,213,Õ,LATIN CAPITAL LETTER O WITH TILDE,GF-latin-core,0
Otildeacute,7756,Ṍ,LATIN CAPITAL LETTER O WITH TILDE AND ACUTE,GF-latin-pro,0
Otildedieresis,7758,Ṏ,LATIN CAPITAL LETTER O WITH TILDE AND DIAERESIS,GF-latin-pro,0
Otildemacron,556,Ȭ,LATIN CAPITAL LETTER O WITH TILDE AND MACRON,GF-latin-plus,0
OE,338,Œ,LATIN CAPITAL LIGATURE OE,GF-latin-core,0
Racute,340,Ŕ,LATIN CAPITAL LETTER R WITH ACUTE,GF-latin-plus,0
Rcaron,344,Ř,LATIN CAPITAL LETTER R WITH CARON,GF-latin-plus,0
Rcedilla,342,Ŗ,LATIN CAPITAL LETTER R WITH CEDILLA,GF-latin-plus,0
Rdotbelow,7770,Ṛ,LATIN CAPITAL LETTER R WITH DOT BELOW,GF-latin-pro,0
Rgravedbl,528,Ȑ,LATIN CAPITAL LETTER R WITH DOUBLE GRAVE,GF-latin-plus,0
Rinvertedbreve,530,Ȓ,LATIN CAPITAL LETTER R WITH INVERTED BREVE,GF-latin-plus,0
Rlinebelow,7774,Ṟ,LATIN CAPITAL LETTER R WITH LINE BELOW,GF-latin-pro,0
Sacute,346,Ś,LATIN CAPITAL LETTER S WITH ACUTE,GF-latin-plus,0
Sacutedotaccent,7780,Ṥ,LATIN CAPITAL LETTER S WITH ACUTE AND DOT ABOVE,GF-latin-pro,0
Scaron,352,Š,LATIN CAPITAL LETTER S WITH CARON,GF-latin-plus,0
Scarondot,7782,Ṧ,LATIN CAPITAL LETTER S WITH CARON AND DOT ABOVE,GF-latin-pro,0
Scedilla,350,Ş,LATIN CAPITAL LETTER S WITH CEDILLA,GF-latin-plus,0
Scircumflex,348,Ŝ,LATIN CAPITAL LETTER S WITH CIRCUMFLEX,GF-latin-plus,0
Scommaaccent,536,Ș,LATIN CAPITAL LETTER S WITH COMMA BELOW,GF-latin-plus,0
Sdot,7776,Ṡ,LATIN CAPITAL LETTER S WITH DOT ABOVE,GF-latin-pro,0
Sdotbelow,7778,Ṣ,LATIN CAPITAL LETTER S WITH DOT BELOW,GF-latin-pro,0
Sdotbelowdotabove,7784,Ṩ,LATIN CAPITAL LETTER S WITH DOT BELOW AND DOT ABOVE,GF-latin-pro,0
Germandbls,7838,ẞ,LATIN CAPITAL LETTER SHARP S,GF-latin-plus,0
Schwa,399,Ə,LATIN CAPITAL LETTER SCHWA,GF-latin-plus,0
Tcaron,356,Ť,LATIN CAPITAL LETTER T WITH CARON,GF-latin-plus,0
Tcedilla,354,Ţ,LATIN CAPITAL LETTER T WITH CEDILLA,GF-latin-plus,0
Tcommaaccent,538,Ț,LATIN CAPITAL LETTER T WITH COMMA BELOW,GF-latin-plus,0
Tdotbelow,7788,Ṭ,LATIN CAPITAL LETTER T WITH DOT BELOW,GF-latin-pro,0
Tlinebelow,7790,Ṯ,LATIN CAPITAL LETTER T WITH LINE BELOW,GF-latin-pro,0
Tbar,358,Ŧ,LATIN CAPITAL LETTER T WITH STROKE,GF-latin-plus,0
Thorn,222,Þ,LATIN CAPITAL LETTER THORN,GF-latin-core,0
Uacute,218,Ú,LATIN CAPITAL LETTER U WITH ACUTE,GF-latin-core,0
Ubreve,364,Ŭ,LATIN CAPITAL LETTER U WITH BREVE,GF-latin-plus,0
Ucircumflex,219,Û,LATIN CAPITAL LETTER U WITH CIRCUMFLEX,GF-latin-core,0
Udieresis,220,Ü,LATIN CAPITAL LETTER U WITH DIAERESIS,GF-latin-core,0
Udotbelow,7908,Ụ,LATIN CAPITAL LETTER U WITH DOT BELOW,GF-latin-plus,0
Uhungarumlaut,368,Ű,LATIN CAPITAL LETTER U WITH DOUBLE ACUTE,GF-latin-plus,0
Ugravedbl,532,Ȕ,LATIN CAPITAL LETTER U WITH DOUBLE GRAVE,GF-latin-plus,0
Ugrave,217,Ù,LATIN CAPITAL LETTER U WITH GRAVE,GF-latin-core,0
Uhoi,7910,Ủ,LATIN CAPITAL LETTER U WITH HOOK ABOVE,GF-latin-plus,0
Uhorn,431,Ư,LATIN CAPITAL LETTER U WITH HORN,GF-latin-plus,0
Uhornacute,7912,Ứ,LATIN CAPITAL LETTER U WITH HORN AND ACUTE,GF-latin-plus,0
Uhorndotbelow,7920,Ự,LATIN CAPITAL LETTER U WITH HORN AND DOT BELOW,GF-latin-plus,0
Uhorngrave,7914,Ừ,LATIN CAPITAL LETTER U WITH HORN AND GRAVE,GF-latin-plus,0
Uhornhoi,7916,Ử,LATIN CAPITAL LETTER U WITH HORN AND HOOK ABOVE,GF-latin-plus,0
Uhorntilde,7918,Ữ,LATIN CAPITAL LETTER U WITH HORN AND TILDE,GF-latin-plus,0
Uinvertedbreve,534,Ȗ,LATIN CAPITAL LETTER U WITH INVERTED BREVE,GF-latin-plus,0
Umacron,362,Ū,LATIN CAPITAL LETTER U WITH MACRON,GF-latin-plus,0
Umacrondieresis,7802,Ṻ,LATIN CAPITAL LETTER U WITH MACRON AND DIAERESIS,GF-latin-pro,0
Uogonek,370,Ų,LATIN CAPITAL LETTER U WITH OGONEK,GF-latin-plus,0
Uring,366,Ů,LATIN CAPITAL LETTER U WITH RING ABOVE,GF-latin-plus,0
Utilde,360,Ũ,LATIN CAPITAL LETTER U WITH TILDE,GF-latin-plus,0
Utildeacute,7800,Ṹ,LATIN CAPITAL LETTER U WITH TILDE AND ACUTE,GF-latin-pro,0
Wacute,7810,Ẃ,LATIN CAPITAL LETTER W WITH ACUTE,GF-latin-plus,0
Wcircumflex,372,Ŵ,LATIN CAPITAL LETTER W WITH CIRCUMFLEX,GF-latin-plus,0
Wdieresis,7812,Ẅ,LATIN CAPITAL LETTER W WITH DIAERESIS,GF-latin-plus,0
Wgrave,7808,Ẁ,LATIN CAPITAL LETTER W WITH GRAVE,GF-latin-plus,0
Yacute,221,Ý,LATIN CAPITAL LETTER Y WITH ACUTE,GF-latin-core,0
Ycircumflex,374,Ŷ,LATIN CAPITAL LETTER Y WITH CIRCUMFLEX,GF-latin-plus,0
Ydieresis,376,Ÿ,LATIN CAPITAL LETTER Y WITH DIAERESIS,GF-latin-plus,0
Ydot,7822,Ẏ,LATIN CAPITAL LETTER Y WITH DOT ABOVE,GF-latin-pro,0
Ydotbelow,7924,Ỵ,LATIN CAPITAL LETTER Y WITH DOT BELOW,GF-latin-plus,0
Ygrave,7922,Ỳ,LATIN CAPITAL LETTER Y WITH GRAVE,GF-latin-plus,0
Yhoi,7926,Ỷ,LATIN CAPITAL LETTER Y WITH HOOK ABOVE,GF-latin-plus,0
Ymacron,562,Ȳ,LATIN CAPITAL LETTER Y WITH MACRON,GF-latin-plus,0
Ytilde,7928,Ỹ,LATIN CAPITAL LETTER Y WITH TILDE,GF-latin-plus,0
Zacute,377,Ź,LATIN CAPITAL LETTER Z WITH ACUTE,GF-latin-plus,0
Zcaron,381,Ž,LATIN CAPITAL LETTER Z WITH CARON,GF-latin-plus,0
Zdotaccent,379,Ż,LATIN CAPITAL LETTER Z WITH DOT ABOVE,GF-latin-plus,0
Zdotbelow,7826,Ẓ,LATIN CAPITAL LETTER Z WITH DOT BELOW,GF-latin-pro,0
aacute,225,á,LATIN SMALL LETTER A WITH ACUTE,GF-latin-core,0
abreve,259,ă,LATIN SMALL LETTER A WITH BREVE,GF-latin-plus,0
abreveacute,7855,ắ,LATIN SMALL LETTER A WITH BREVE AND ACUTE,GF-latin-plus,0
abrevedotbelow,7863,ặ,LATIN SMALL LETTER A WITH BREVE AND DOT BELOW,GF-latin-plus,0
abrevegrave,7857,ằ,LATIN SMALL LETTER A WITH BREVE AND GRAVE,GF-latin-plus,0
abrevehoi,7859,ẳ,LATIN SMALL LETTER A WITH BREVE AND HOOK ABOVE,GF-latin-plus,0
abrevetilde,7861,ẵ,LATIN SMALL LETTER A WITH BREVE AND TILDE,GF-latin-plus,0
acircumflex,226,â,LATIN SMALL LETTER A WITH CIRCUMFLEX,GF-latin-core,0
acircumflexacute,7845,ấ,LATIN SMALL LETTER A WITH CIRCUMFLEX AND ACUTE,GF-latin-plus,0
acircumflexdotbelow,7853,ậ,LATIN SMALL LETTER A WITH CIRCUMFLEX AND DOT BELOW,GF-latin-plus,0
acircumflexgrave,7847,ầ,LATIN SMALL LETTER A WITH CIRCUMFLEX AND GRAVE,GF-latin-plus,0
acircumflexhoi,7849,ẩ,LATIN SMALL LETTER A WITH CIRCUMFLEX AND HOOK ABOVE,GF-latin-plus,0
acircumflextilde,7851,ẫ,LATIN SMALL LETTER A WITH CIRCUMFLEX AND TILDE,GF-latin-plus,0
adieresis,228,ä,LATIN SMALL LETTER A WITH DIAERESIS,GF-latin-core,0
adotbelow,7841,ạ,LATIN SMALL LETTER A WITH DOT BELOW,GF-latin-plus,0
agravedbl,513,ȁ,LATIN SMALL LETTER A WITH DOUBLE GRAVE,GF-latin-plus,0
agrave,224,à,LATIN SMALL LETTER A WITH GRAVE,GF-latin-core,0
ahoi,7843,ả,LATIN SMALL LETTER A WITH HOOK ABOVE,GF-latin-plus,0
ainvertedbreve,515,ȃ,LATIN SMALL LETTER A WITH INVERTED BREVE,GF-latin-plus,0
amacron,257,ā,LATIN SMALL LETTER A WITH MACRON,GF-latin-plus,0
aogonek,261,ą,LATIN SMALL LETTER A WITH OGONEK,GF-latin-plus,0
aring,229,å,LATIN SMALL LETTER A WITH RING ABOVE,GF-latin-core,0
aringacute,507,ǻ,LATIN SMALL LETTER A WITH RING ABOVE AND ACUTE,GF-latin-plus,0
atilde,227,ã,LATIN SMALL LETTER A WITH TILDE,GF-latin-core,0
ae,230,æ,LATIN SMALL LETTER AE,GF-latin-core,0
aeacute,509,ǽ,LATIN SMALL LETTER AE WITH ACUTE,GF-latin-plus,0
cacute,263,ć,LATIN SMALL LETTER C WITH ACUTE,GF-latin-plus,0
ccaron,269,č,LATIN SMALL LETTER C WITH CARON,GF-latin-plus,0
ccedilla,231,ç,LATIN SMALL LETTER C WITH CEDILLA,GF-latin-core,0
ccedillaacute,7689,ḉ,LATIN SMALL LETTER C WITH CEDILLA AND ACUTE,GF-latin-pro,0
ccircumflex,265,ĉ,LATIN SMALL LETTER C WITH CIRCUMFLEX,GF-latin-plus,0
cdotaccent,267,ċ,LATIN SMALL LETTER C WITH DOT ABOVE,GF-latin-plus,0
dcaron,271,ď,LATIN SMALL LETTER D WITH CARON,GF-latin-plus,0
ddotbelow,7693,ḍ,LATIN SMALL LETTER D WITH DOT BELOW,GF-latin-pro,0
dlinebelow,7695,ḏ,LATIN SMALL LETTER D WITH LINE BELOW,GF-latin-pro,0
dcroat,273,đ,LATIN SMALL LETTER D WITH STROKE,GF-latin-plus,0
eth,240,ð,LATIN SMALL LETTER ETH,GF-latin-core,0
eacute,233,é,LATIN SMALL LETTER E WITH ACUTE,GF-latin-core,0
ebreve,277,ĕ,LATIN SMALL LETTER E WITH BREVE,GF-latin-plus,0
ecaron,283,ě,LATIN SMALL LETTER E WITH CARON,GF-latin-plus,0
ecedillabreve,7709,ḝ,LATIN SMALL LETTER E WITH CEDILLA AND BREVE,GF-latin-pro,0
ecircumflex,234,ê,LATIN SMALL LETTER E WITH CIRCUMFLEX,GF-latin-core,0
ecircumflexacute,7871,ế,LATIN SMALL LETTER E WITH CIRCUMFLEX AND ACUTE,GF-latin-plus,0
ecircumflexdotbelow,7879,ệ,LATIN SMALL LETTER E WITH CIRCUMFLEX AND DOT BELOW,GF-latin-plus,0
ecircumflexgrave,7873,ề,LATIN SMALL LETTER E WITH CIRCUMFLEX AND GRAVE,GF-latin-plus,0
ecircumflexhoi,7875,ể,LATIN SMALL LETTER E WITH CIRCUMFLEX AND HOOK ABOVE,GF-latin-plus,0
ecircumflextilde,7877,ễ,LATIN SMALL LETTER E WITH CIRCUMFLEX AND TILDE,GF-latin-plus,0
edieresis,235,ë,LATIN SMALL LETTER E WITH DIAERESIS,GF-latin-core,0
edotaccent,279,ė,LATIN SMALL LETTER E WITH DOT ABOVE,GF-latin-plus,0
edotbelow,7865,ẹ,LATIN SMALL LETTER E WITH DOT BELOW,GF-latin-plus,0
egravedbl,517,ȅ,LATIN SMALL LETTER E WITH DOUBLE GRAVE,GF-latin-plus,0
egrave,232,è,LATIN SMALL LETTER E WITH GRAVE,GF-latin-core,0
ehoi,7867,ẻ,LATIN SMALL LETTER E WITH HOOK ABOVE,GF-latin-plus,0
einvertedbreve,519,ȇ,LATIN SMALL LETTER E WITH INVERTED BREVE,GF-latin-plus,0
emacron,275,ē,LATIN SMALL LETTER E WITH MACRON,GF-latin-plus,0
emacronacute,7703,ḗ,LATIN SMALL LETTER E WITH MACRON AND ACUTE,GF-latin-pro,0
emacrongrave,7701,ḕ,LATIN SMALL LETTER E WITH MACRON AND GRAVE,GF-latin-pro,0
eogonek,281,ę,LATIN SMALL LETTER E WITH OGONEK,GF-latin-plus,0
etilde,7869,ẽ,LATIN SMALL LETTER E WITH TILDE,GF-latin-plus,0
fhook,402,ƒ,LATIN SMALL LETTER F WITH HOOK,GF-latin-plus,0
gbreve,287,ğ,LATIN SMALL LETTER G WITH BREVE,GF-latin-plus,0
gcaron,487,ǧ,LATIN SMALL LETTER G WITH CARON,GF-latin-plus,0
gcedilla,291,ģ,LATIN SMALL LETTER G WITH CEDILLA,GF-latin-plus,0
gcircumflex,285,ĝ,LATIN SMALL LETTER G WITH CIRCUMFLEX,GF-latin-plus,0
gdotaccent,289,ġ,LATIN SMALL LETTER G WITH DOT ABOVE,GF-latin-plus,0
gmacron,7713,ḡ,LATIN SMALL LETTER G WITH MACRON,GF-latin-pro,0
hbrevebelow,7723,ḫ,LATIN SMALL LETTER H WITH BREVE BELOW,GF-latin-pro,0
hcircumflex,293,ĥ,LATIN SMALL LETTER H WITH CIRCUMFLEX,GF-latin-plus,0
hdotbelow,7717,ḥ,LATIN SMALL LETTER H WITH DOT BELOW,GF-latin-pro,0
hbar,295,ħ,LATIN SMALL LETTER H WITH STROKE,GF-latin-plus,0
dotlessi,305,ı,LATIN SMALL LETTER DOTLESS I,GF-latin-core,0
iacute,237,í,LATIN SMALL LETTER I WITH ACUTE,GF-latin-core,0
ibreve,301,ĭ,LATIN SMALL LETTER I WITH BREVE,GF-latin-plus,0
icircumflex,238,î,LATIN SMALL LETTER I WITH CIRCUMFLEX,GF-latin-core,0
idieresis,239,ï,LATIN SMALL LETTER I WITH DIAERESIS,GF-latin-core,0
idieresisacute,7727,ḯ,LATIN SMALL LETTER I WITH DIAERESIS AND ACUTE,GF-latin-pro,0
idotbelow,7883,ị,LATIN SMALL LETTER I WITH DOT BELOW,GF-latin-plus,0
igravedbl,521,ȉ,LATIN SMALL LETTER I WITH DOUBLE GRAVE,GF-latin-plus,0
igrave,236,ì,LATIN SMALL LETTER I WITH GRAVE,GF-latin-core,0
ihoi,7881,ỉ,LATIN SMALL LETTER I WITH HOOK ABOVE,GF-latin-plus,0
iinvertedbreve,523,ȋ,LATIN SMALL LETTER I WITH INVERTED BREVE,GF-latin-plus,0
imacron,299,ī,LATIN SMALL LETTER I WITH MACRON,GF-latin-plus,0
iogonek,303,į,LATIN SMALL LETTER I WITH OGONEK,GF-latin-plus,0
itilde,297,ĩ,LATIN SMALL LETTER I WITH TILDE,GF-latin-plus,0
dotlessj,567,ȷ,LATIN SMALL LETTER DOTLESS J,GF-latin-plus,0
jcircumflex,309,ĵ,LATIN SMALL LETTER J WITH CIRCUMFLEX,GF-latin-plus,0
kcedilla,311,ķ,LATIN SMALL LETTER K WITH CEDILLA,GF-latin-plus,0
kra,312,ĸ,LATIN SMALL LETTER KRA,GF-latin-plus,0
lacute,314,ĺ,LATIN SMALL LETTER L WITH ACUTE,GF-latin-plus,0
lcaron,318,ľ,LATIN SMALL LETTER L WITH CARON,GF-latin-plus,0
lcedilla,316,ļ,LATIN SMALL LETTER L WITH CEDILLA,GF-latin-plus,0
ldotbelow,7735,ḷ,LATIN SMALL LETTER L WITH DOT BELOW,GF-latin-pro,0
llinebelow,7739,ḻ,LATIN SMALL LETTER L WITH LINE BELOW,GF-latin-pro,0
ldot,320,ŀ,LATIN SMALL LETTER L WITH MIDDLE DOT,GF-latin-plus,0
lslash,322,ł,LATIN SMALL LETTER L WITH STROKE,GF-latin-plus,0
mdotbelow,7747,ṃ,LATIN SMALL LETTER M WITH DOT BELOW,GF-latin-pro,0
nacute,324,ń,LATIN SMALL LETTER N WITH ACUTE,GF-latin-plus,0
ncaron,328,ň,LATIN SMALL LETTER N WITH CARON,GF-latin-plus,0
ncedilla,326,ņ,LATIN SMALL LETTER N WITH CEDILLA,GF-latin-plus,0
ndot,7749,ṅ,LATIN SMALL LETTER N WITH DOT ABOVE,GF-latin-pro,0
ndotbelow,7751,ṇ,LATIN SMALL LETTER N WITH DOT BELOW,GF-latin-pro,0
nlinebelow,7753,ṉ,LATIN SMALL LETTER N WITH LINE BELOW,GF-latin-pro,0
ntilde,241,ñ,LATIN SMALL LETTER N WITH TILDE,GF-latin-core,0
eng,331,ŋ,LATIN SMALL LETTER ENG,GF-latin-plus,0
oacute,243,ó,LATIN SMALL LETTER O WITH ACUTE,GF-latin-core,0
obreve,335,ŏ,LATIN SMALL LETTER O WITH BREVE,GF-latin-plus,0
ocircumflex,244,ô,LATIN SMALL LETTER O WITH CIRCUMFLEX,GF-latin-core,0
ocircumflexacute,7889,ố,LATIN SMALL LETTER O WITH CIRCUMFLEX AND ACUTE,GF-latin-plus,0
ocircumflexdotbelow,7897,ộ,LATIN SMALL LETTER O WITH CIRCUMFLEX AND DOT BELOW,GF-latin-plus,0
ocircumflexgrave,7891,ồ,LATIN SMALL LETTER O WITH CIRCUMFLEX AND GRAVE,GF-latin-plus,0
ocircumflexhoi,7893,ổ,LATIN SMALL LETTER O WITH CIRCUMFLEX AND HOOK ABOVE,GF-latin-plus,0
ocircumflextilde,7895,ỗ,LATIN SMALL LETTER O WITH CIRCUMFLEX AND TILDE,GF-latin-plus,0
odieresis,246,ö,LATIN SMALL LETTER O WITH DIAERESIS,GF-latin-core,0
odieresismacron,555,ȫ,LATIN SMALL LETTER O WITH DIAERESIS AND MACRON,GF-latin-plus,0
odotmacron,561,ȱ,LATIN SMALL LETTER O WITH DOT ABOVE AND MACRON,GF-latin-plus,0
odotbelow,7885,ọ,LATIN SMALL LETTER O WITH DOT BELOW,GF-latin-plus,0
ohungarumlaut,337,ő,LATIN SMALL LETTER O WITH DOUBLE ACUTE,GF-latin-plus,0
ogravedbl,525,ȍ,LATIN SMALL LETTER O WITH DOUBLE GRAVE,GF-latin-plus,0
ograve,242,ò,LATIN SMALL LETTER O WITH GRAVE,GF-latin-core,0
ohoi,7887,ỏ,LATIN SMALL LETTER O WITH HOOK ABOVE,GF-latin-plus,0
ohorn,417,ơ,LATIN SMALL LETTER O WITH HORN,GF-latin-plus,0
ohornacute,7899,ớ,LATIN SMALL LETTER O WITH HORN AND ACUTE,GF-latin-plus,0
ohorndotbelow,7907,ợ,LATIN SMALL LETTER O WITH HORN AND DOT BELOW,GF-latin-plus,0
ohorngrave,7901,ờ,LATIN SMALL LETTER O WITH HORN AND GRAVE,GF-latin-plus,0
ohornhoi,7903,ở,LATIN SMALL LETTER O WITH HORN AND HOOK ABOVE,GF-latin-plus,0
ohorntilde,7905,ỡ,LATIN SMALL LETTER O WITH HORN AND TILDE,GF-latin-plus,0
oinvertedbreve,527,ȏ,LATIN SMALL LETTER O WITH INVERTED BREVE,GF-latin-plus,0
omacron,333,ō,LATIN SMALL LETTER O WITH MACRON,GF-latin-plus,0
omacronacute,7763,ṓ,LATIN SMALL LETTER O WITH MACRON AND ACUTE,GF-latin-pro,0
omacrongrave,7761,ṑ,LATIN SMALL LETTER O WITH MACRON AND GRAVE,GF-latin-pro,0
oogonek,491,ǫ,LATIN SMALL LETTER O WITH OGONEK,GF-latin-plus,0
oslash,248,ø,LATIN SMALL LETTER O WITH STROKE,GF-latin-core,0
oslashacute,511,ǿ,LATIN SMALL LETTER O WITH STROKE AND ACUTE,GF-latin-plus,0
otilde,245,õ,LATIN SMALL LETTER O WITH TILDE,GF-latin-core,0
otildeacute,7757,ṍ,LATIN SMALL LETTER O WITH TILDE AND ACUTE,GF-latin-pro,0
otildedieresis,7759,ṏ,LATIN SMALL LETTER O WITH TILDE AND DIAERESIS,GF-latin-pro,0
otildemacron,557,ȭ,LATIN SMALL LETTER O WITH TILDE AND MACRON,GF-latin-plus,0
oe,339,œ,LATIN SMALL LIGATURE OE,GF-latin-core,0
racute,341,ŕ,LATIN SMALL LETTER R WITH ACUTE,GF-latin-plus,0
rcaron,345,ř,LATIN SMALL LETTER R WITH CARON,GF-latin-plus,0
rcedilla,343,ŗ,LATIN SMALL LETTER R WITH CEDILLA,GF-latin-plus,0
rdotbelow,7771,ṛ,LATIN SMALL LETTER R WITH DOT BELOW,GF-latin-pro,0
rgravedbl,529,ȑ,LATIN SMALL LETTER R WITH DOUBLE GRAVE,GF-latin-plus,0
rinvertedbreve,531,ȓ,LATIN SMALL LETTER R WITH INVERTED BREVE,GF-latin-plus,0
rlinebelow,7775,ṟ,LATIN SMALL LETTER R WITH LINE BELOW,GF-latin-pro,0
sacute,347,ś,LATIN SMALL LETTER S WITH ACUTE,GF-latin-plus,0
sacutedotaccent,7781,ṥ,LATIN SMALL LETTER S WITH ACUTE AND DOT ABOVE,GF-latin-pro,0
scaron,353,š,LATIN SMALL LETTER S WITH CARON,GF-latin-plus,0
scarondot,7783,ṧ,LATIN SMALL LETTER S WITH CARON AND DOT ABOVE,GF-latin-pro,0
scedilla,351,ş,LATIN SMALL LETTER S WITH CEDILLA,GF-latin-plus,0
scircumflex,349,ŝ,LATIN SMALL LETTER S WITH CIRCUMFLEX,GF-latin-plus,0
scommaaccent,537,ș,LATIN SMALL LETTER S WITH COMMA BELOW,GF-latin-plus,0
sdot,7777,ṡ,LATIN SMALL LETTER S WITH DOT ABOVE,GF-latin-pro,0
sdotbelow,7779,ṣ,LATIN SMALL LETTER S WITH DOT BELOW,GF-latin-pro,0
sdotbelowdotabove,7785,ṩ,LATIN SMALL LETTER S WITH DOT BELOW AND DOT ABOVE,GF-latin-pro,0
germandbls,223,ß,LATIN SMALL LETTER SHARP S,GF-latin-core,0
schwa,601,ə,LATIN SMALL LETTER SCHWA,GF-latin-plus,0
tcaron,357,ť,LATIN SMALL LETTER T WITH CARON,GF-latin-plus,0
tcedilla,355,ţ,LATIN SMALL LETTER T WITH CEDILLA,GF-latin-plus,0
tcommaaccent,539,ț,LATIN SMALL LETTER T WITH COMMA BELOW,GF-latin-plus,0
tdieresis,7831,ẗ,LATIN SMALL LETTER T WITH DIAERESIS,GF-latin-pro,0
tdotbelow,7789,ṭ,LATIN SMALL LETTER T WITH DOT BELOW,GF-latin-pro,0
tlinebelow,7791,ṯ,LATIN SMALL LETTER T WITH LINE BELOW,GF-latin-pro,0
tbar,359,ŧ,LATIN SMALL LETTER T WITH STROKE,GF-latin-plus,0
thorn,254,þ,LATIN SMALL LETTER THORN,GF-latin-core,0
uacute,250,ú,LATIN SMALL LETTER U WITH ACUTE,GF-latin-core,0
ubreve,365,ŭ,LATIN SMALL LETTER U WITH BREVE,GF-latin-plus,0
ucircumflex,251,û,LATIN SMALL LETTER U WITH CIRCUMFLEX,GF-latin-core,0
udieresis,252,ü,LATIN SMALL LETTER U WITH DIAERESIS,GF-latin-core,0
udotbelow,7909,ụ,LATIN SMALL LETTER U WITH DOT BELOW,GF-latin-plus,0
uhungarumlaut,369,ű,LATIN SMALL LETTER U WITH DOUBLE ACUTE,GF-latin-plus,0
ugravedbl,533,ȕ,LATIN SMALL LETTER U WITH DOUBLE GRAVE,GF-latin-plus,0
ugrave,249,ù,LATIN SMALL LETTER U WITH GRAVE,GF-latin-core,0
uhoi,7911,ủ,LATIN SMALL LETTER U WITH HOOK ABOVE,GF-latin-plus,0
uhorn,432,ư,LATIN SMALL LETTER U WITH HORN,GF-latin-plus,0
uhornacute,7913,ứ,LATIN SMALL LETTER U WITH HORN AND ACUTE,GF-latin-plus,0
uhorndotbelow,7921,ự,LATIN SMALL LETTER U WITH HORN AND DOT BELOW,GF-latin-plus,0
uhorngrave,7915,ừ,LATIN SMALL LETTER U WITH HORN AND GRAVE,GF-latin-plus,0
uhornhoi,7917,ử,LATIN SMALL LETTER U WITH HORN AND HOOK ABOVE,GF-latin-plus,0
uhorntilde,7919,ữ,LATIN SMALL LETTER U WITH HORN AND TILDE,GF-latin-plus,0
uinvertedbreve,535,ȗ,LATIN SMALL LETTER U WITH INVERTED BREVE,GF-latin-plus,0
umacron,363,ū,LATIN SMALL LETTER U WITH MACRON,GF-latin-plus,0
umacrondieresis,7803,ṻ,LATIN SMALL LETTER U WITH MACRON AND DIAERESIS,GF-latin-pro,0
uogonek,371,ų,LATIN SMALL LETTER U WITH OGONEK,GF-latin-plus,0
uring,367,ů,LATIN SMALL LETTER U WITH RING ABOVE,GF-latin-plus,0
utilde,361,ũ,LATIN SMALL LETTER U WITH TILDE,GF-latin-plus,0
utildeacute,7801,ṹ,LATIN SMALL LETTER U WITH TILDE AND ACUTE,GF-latin-pro,0
wacute,7811,ẃ,LATIN SMALL LETTER W WITH ACUTE,GF-latin-plus,0
wcircumflex,373,ŵ,LATIN SMALL LETTER W WITH CIRCUMFLEX,GF-latin-plus,0
wdieresis,7813,ẅ,LATIN SMALL LETTER W WITH DIAERESIS,GF-latin-plus,0
wgrave,7809,ẁ,LATIN SMALL LETTER W WITH GRAVE,GF-latin-plus,0
yacute,253,ý,LATIN SMALL LETTER Y WITH ACUTE,GF-latin-core,0
ycircumflex,375,ŷ,LATIN SMALL LETTER Y WITH CIRCUMFLEX,GF-latin-plus,0
ydieresis,255,ÿ,LATIN SMALL LETTER Y WITH DIAERESIS,GF-latin-core,0
ydot,7823,ẏ,LATIN SMALL LETTER Y WITH DOT ABOVE,GF-latin-pro,0
ydotbelow,7925,ỵ,LATIN SMALL LETTER Y WITH DOT BELOW,GF-latin-plus,0
ygrave,7923,ỳ,LATIN SMALL LETTER Y WITH GRAVE,GF-latin-plus,0
yhoi,7927,ỷ,LATIN SMALL LETTER Y WITH HOOK ABOVE,GF-latin-plus,0
ymacron,563,ȳ,LATIN SMALL LETTER Y WITH MACRON,GF-latin-plus,0
ytilde,7929,ỹ,LATIN SMALL LETTER Y WITH TILDE,GF-latin-plus,0
zacute,378,ź,LATIN SMALL LETTER Z WITH ACUTE,GF-latin-plus,0
zcaron,382,ž,LATIN SMALL LETTER Z WITH CARON,GF-latin-plus,0
zdotaccent,380,ż,LATIN SMALL LETTER Z WITH DOT ABOVE,GF-latin-plus,0
zdotbelow,7827,ẓ,LATIN SMALL LETTER Z WITH DOT BELOW,GF-latin-pro,0
space,32,, SPACE,GF-latin-core,0
nbspace,160, ,NO-BREAK SPACE,GF-latin-core,0
figurespace,8199, ,FIGURE SPACE,GF-latin-pro,0
punctuationspace,8200, ,PUNCTUATION SPACE,GF-latin-pro,0
thinspace,8201, ,THIN SPACE,GF-latin-pro,0
hairspace,8202, ,HAIR SPACE,GF-latin-pro,0
zerowidthspace,8203,​,ZERO WIDTH SPACE,GF-latin-pro,0
figuredash,8210,‒,FIGURE DASH,GF-latin-pro,0
horizontalbar,8213,―,HORIZONTAL BAR,GF-latin-pro,0
fi,64257,ﬁ,LATIN SMALL LIGATURE FI,GF-latin-plus,0
fl,64258,ﬂ,LATIN SMALL LIGATURE FL,GF-latin-plus,0
f_f,,,,GF-latin-plus,0
f_f_i,,,,GF-latin-plus,0
f_f_l,,,,GF-latin-plus,0
T_h,,,,GF-latin-expert,0
c_h,,,,GF-latin-expert,0
c_t,,,,GF-latin-expert,0
s_t,,,,GF-latin-expert,0
NJ,458,Ǌ,LATIN CAPITAL LETTER NJ,GF-latin-plus,0
Nj,459,ǋ,LATIN CAPITAL LETTER N WITH SMALL LETTER J,GF-latin-plus,0
nj,460,ǌ,LATIN SMALL LETTER NJ,GF-latin-plus,0
LJ,455,Ǉ,LATIN CAPITAL LETTER LJ,GF-latin-plus,0
Lj,456,ǈ,LATIN CAPITAL LETTER L WITH SMALL LETTER J,GF-latin-plus,0
lj,457,ǉ,LATIN SMALL LETTER LJ,GF-latin-plus,0
DZcaron,452,Ǆ,LATIN CAPITAL LETTER DZ WITH CARON,GF-latin-plus,0
Dzcaron,453,ǅ,LATIN CAPITAL LETTER D WITH SMALL LETTER Z WITH CARON,GF-latin-plus,0
dzcaron,454,ǆ,LATIN SMALL LETTER DZ WITH CARON,GF-latin-plus,0
zero.lf,,,,GF-latin-plus,0
one.lf,,,,GF-latin-plus,0
two.lf,,,,GF-latin-plus,0
three.lf,,,,GF-latin-plus,0
four.lf,,,,GF-latin-plus,0
five.lf,,,,GF-latin-plus,0
six.lf,,,,GF-latin-plus,0
seven.lf,,,,GF-latin-plus,0
eight.lf,,,,GF-latin-plus,0
nine.lf,,,,GF-latin-plus,0
zero.zero,,,,GF-latin-plus,1
parenright.case,,,,GF-latin-pro,1
hyphen.case,,,,GF-latin-pro,1
slash.case,,,,GF-latin-pro,1
at.case,,,,GF-latin-pro,1
bracketleft.case,,,,GF-latin-pro,1
backslash.case,,,,GF-latin-pro,1
bracketright.case,,,,GF-latin-pro,1
braceleft.case,,,,GF-latin-pro,1
braceright.case,,,,GF-latin-pro,1
guillemetleft.case,,,,GF-latin-pro,1
periodcentered.case,,,,GF-latin-pro,1
guillemetright.case,,,,GF-latin-pro,1
endash.case,,,,GF-latin-pro,1
emdash.case,,,,GF-latin-pro,1
bullet.case,,,,GF-latin-pro,1
guilsinglleft.case,,,,GF-latin-pro,1
guilsinglright.case,,,,GF-latin-pro,1
gravecomb.case,,,,GF-latin-plus,1
acutecomb.case,,,,GF-latin-plus,1
circumflexcomb.case,,,,GF-latin-plus,1
tildecomb.case,,,,GF-latin-plus,1
macroncomb.case,,,,GF-latin-plus,1
brevecomb.case,,,,GF-latin-plus,1
dotaccentcomb.case,,,,GF-latin-plus,1
dieresiscomb.case,,,,GF-latin-plus,1
hookabovecomb.case,,,,GF-latin-plus,1
ringcomb.case,,,,GF-latin-plus,1
hungarumlautcomb.case,,,,GF-latin-plus,1
caroncomb.case,,,,GF-latin-plus,1
dblgravecomb.case,,,,GF-latin-plus,1
breveinvertedcomb.case,,,,GF-latin-plus,1
commaturnedabovecomb.case,,,,GF-latin-plus,1
horncomb.case,,,,GF-latin-plus,1
dotbelowcomb.case,,,,GF-latin-plus,1
dieresisbelowcomb.case,,,,GF-latin-plus,1
commaaccentcomb.case,,,,GF-latin-plus,1
cedillacomb.case,,,,GF-latin-plus,1
ogonekcomb.case,,,,GF-latin-plus,1
brevebelowcomb.case,,,,GF-latin-plus,1
macronbelowcomb.case,,,,GF-latin-plus,1
periodcentered.loclCAT.case,,,,GF-latin-plus,1
commaturnedmod,699,ʻ,MODIFIER LETTER TURNED COMMA,GF-latin-pro,0
ringhalfrightmod,702,ʾ,MODIFIER LETTER RIGHT HALF RING,GF-latin-pro,0
ringhalfleftmod,703,ʿ,MODIFIER LETTER LEFT HALF RING,GF-latin-pro,0
verticallinemod,712,ˈ,MODIFIER LETTER VERTICAL LINE,GF-latin-pro,0
macronmod,713,ˉ,MODIFIER LETTER MACRON,GF-latin-pro,0
acutemod,714,ˊ,MODIFIER LETTER ACUTE ACCENT,GF-latin-pro,0
gravemod,715,ˋ,MODIFIER LETTER GRAVE ACCENT,GF-latin-pro,0
verticallinelowmod,716,ˌ,MODIFIER LETTER LOW VERTICAL LINE,GF-latin-pro,0
arrowleft,8592,←,LEFTWARDS ARROW,GF-latin-expert,0
arrowup,8593,↑,UPWARDS ARROW,GF-latin-expert,0
arrowright,8594,→,RIGHTWARDS ARROW,GF-latin-expert,0
arrowdown,8595,↓,DOWNWARDS ARROW,GF-latin-expert,0
squareblack,9632,■,BLACK SQUARE,GF-latin-expert,0
squarewhite,9633,□,WHITE SQUARE,GF-latin-expert,0
triangleupblack,9650,▲,BLACK UP-POINTING TRIANGLE,GF-latin-expert,0
triangleupwhite,9651,△,WHITE UP-POINTING TRIANGLE,GF-latin-expert,0
trianglerightblack,9654,▶,BLACK RIGHT-POINTING TRIANGLE,GF-latin-expert,0
trianglerightwhite,9655,▷,WHITE RIGHT-POINTING TRIANGLE,GF-latin-expert,0
triangledownblack,9660,▼,BLACK DOWN-POINTING TRIANGLE,GF-latin-expert,0
triangledownwhite,9661,▽,WHITE DOWN-POINTING TRIANGLE,GF-latin-expert,0
triangleleftblack,9664,◀,BLACK LEFT-POINTING TRIANGLE,GF-latin-expert,0
triangleleftwhite,9665,◁,WHITE LEFT-POINTING TRIANGLE,GF-latin-expert,0
gmtr:diamondblack,9670,◆,BLACK DIAMOND,GF-latin-expert,0
gmtr:diamondwhite,9671,◇,WHITE DIAMOND,GF-latin-expert,0
NULL,,,,GF-latin-core,0
,13,, CR,GF-latin-core,0