Glyph Name, Unicode, Character, Description, Glyph Set, Optional,Exclude
A,65,A,LATIN CAPITAL LETTER A,GF-latin-core,FALSE,FALSE
B,66,B,LATIN CAPITAL LETTER B,GF-latin-core,FALSE,FALSE
C,67,C,LATIN CAPITAL LETTER C,GF-latin-core,FALSE,FALSE
D,68,D,LATIN CAPITAL LETTER D,GF-latin-core,FALSE,FALSE
E,69,E,LATIN CAPITAL LETTER E,GF-latin-core,FALSE,FALSE
F,70,F,LATIN CAPITAL LETTER F,GF-latin-core,FALSE,FALSE
G,71,G,LATIN CAPITAL LETTER G,GF-latin-core,FALSE,FALSE
H,72,H,LATIN CAPITAL LETTER H,GF-latin-core,FALSE,FALSE
I,73,I,LATIN CAPITAL LETTER I,GF-latin-core,FALSE,FALSE
J,74,J,LATIN CAPITAL LETTER J,GF-latin-core,FALSE,FALSE
K,75,K,LATIN CAPITAL LETTER K,GF-latin-core,FALSE,FALSE
L,76,L,LATIN CAPITAL LETTER L,GF-latin-core,FALSE,FALSE
M,77,M,LATIN CAPITAL LETTER M,GF-latin-core,FALSE,FALSE
N,78,N,LATIN CAPITAL LETTER N,GF-latin-core,FALSE,FALSE
O,79,O,LATIN CAPITAL LETTER O,GF-latin-core,FALSE,FALSE
P,80,P,LATIN CAPITAL LETTER P,GF-latin-core,FALSE,FALSE
Q,81,Q,LATIN CAPITAL LETTER Q,GF-latin-core,FALSE,FALSE
R,82,R,LATIN CAPITAL LETTER R,GF-latin-core,FALSE,FALSE
S,83,S,LATIN CAPITAL LETTER S,GF-latin-core,FALSE,FALSE
T,84,T,LATIN CAPITAL LETTER T,GF-latin-core,FALSE,FALSE
U,85,U,LATIN CAPITAL LETTER U,GF-latin-core,FALSE,FALSE
V,86,V,LATIN CAPITAL LETTER V,GF-latin-core,FALSE,FALSE
W,87,W,LATIN CAPITAL LETTER W,GF-latin-core,FALSE,FALSE
X,88,X,LATIN CAPITAL LETTER X,GF-latin-core,FALSE,FALSE
Y,89,Y,LATIN CAPITAL LETTER Y,GF-latin-core,FALSE,FALSE
Z,90,Z,LATIN CAPITAL LETTER Z,GF-latin-core,FALSE,FALSE
a,97,a,LATIN SMALL LETTER A,GF-latin-core,FALSE,FALSE
b,98,b,LATIN SMALL LETTER B,GF-latin-core,FALSE,FALSE
c,99,c,LATIN SMALL LETTER C,GF-latin-core,FALSE,FALSE
d,100,d,LATIN SMALL LETTER D,GF-latin-core,FALSE,FALSE
e,101,e,LATIN SMALL LETTER E,GF-latin-core,FALSE,FALSE
f,102,f,LATIN SMALL LETTER F,GF-latin-core,FALSE,FALSE
g,103,g,LATIN SMALL LETTER G,GF-latin-core,FALSE,FALSE
h,104,h,LATIN SMALL LETTER H,GF-latin-core,FALSE,FALSE
i,105,i,LATIN SMALL LETTER I,GF-latin-core,FALSE,FALSE
j,106,j,LATIN SMALL LETTER J,GF-latin-core,FALSE,FALSE
k,107,k,LATIN SMALL LETTER K,GF-latin-core,FALSE,FALSE
l,108,l,LATIN SMALL LETTER L,GF-latin-core,FALSE,FALSE
m,109,m,LATIN SMALL LETTER M,GF-latin-core,FALSE,FALSE
n,110,n,LATIN SMALL LETTER N,GF-latin-core,FALSE,FALSE
o,111,o,LATIN SMALL LETTER O,GF-latin-core,FALSE,FALSE
p,112,p,LATIN SMALL LETTER P,GF-latin-core,FALSE,FALSE
q,113,q,LATIN SMALL LETTER Q,GF-latin-core,FALSE,FALSE
r,114,r,LATIN SMALL LETTER R,GF-latin-core,FALSE,FALSE
s,115,s,LATIN SMALL LETTER S,GF-latin-core,FALSE,FALSE
t,116,t,LATIN SMALL LETTER T,GF-latin-core,FALSE,FALSE
u,117,u,LATIN SMALL LETTER U,GF-latin-core,FALSE,FALSE
v,118,v,LATIN SMALL LETTER V,GF-latin-core,FALSE,FALSE
w,119,w,LATIN SMALL LETTER W,GF-latin-core,FALSE,FALSE
x,120,x,LATIN SMALL LETTER X,GF-latin-core,FALSE,FALSE
y,121,y,LATIN SMALL LETTER Y,GF-latin-core,FALSE,FALSE
z,122,z,LATIN SMALL LETTER Z,GF-latin-core,FALSE,FALSE
zero,48,0,DIGIT ZERO,GF-latin-core,FALSE,FALSE
one,49,1,DIGIT ONE,GF-latin-core,FALSE,FALSE
two,50,2,DIGIT TWO,GF-latin-core,FALSE,FALSE
three,51,3,DIGIT THREE,GF-latin-core,FALSE,FALSE
four,52,4,DIGIT FOUR,GF-latin-core,FALSE,FALSE
five,53,5,DIGIT FIVE,GF-latin-core,FALSE,FALSE
six,54,6,DIGIT SIX,GF-latin-core,FALSE,FALSE
seven,55,7,DIGIT SEVEN,GF-latin-core,FALSE,FALSE
eight,56,8,DIGIT EIGHT,GF-latin-core,FALSE,FALSE
nine,57,9,DIGIT NINE,GF-latin-core,FALSE,FALSE
period,46,.,FULL STOP,GF-latin-core,FALSE,FALSE
comma,44,",",COMMA,GF-latin-core,FALSE,FALSE
colon,58,:,COLON,GF-latin-core,FALSE,FALSE
semicolon,59,;,SEMICOLON,GF-latin-core,FALSE,FALSE
periodcentered,183,·,MIDDLE DOT,GF-latin-core,FALSE,FALSE
ellipsis,8230,…,HORIZONTAL ELLIPSIS,GF-latin-core,FALSE,FALSE
exclam,33,!,EXCLAMATION MARK,GF-latin-core,FALSE,FALSE
exclamdown,161,¡,INVERTED EXCLAMATION MARK,GF-latin-core,FALSE,FALSE
question,63,?,QUESTION MARK,GF-latin-core,FALSE,FALSE
questiondown,191,¿,INVERTED QUESTION MARK,GF-latin-core,FALSE,FALSE
quotesingle,39,',APOSTROPHE,GF-latin-core,FALSE,FALSE
quotedbl,34,“,QUOTATION MARK,GF-latin-core,FALSE,FALSE
quoteleft,8216,‘,LEFT SINGLE QUOTATION MARK,GF-latin-core,FALSE,FALSE
quoteright,8217,’,RIGHT SINGLE QUOTATION MARK,GF-latin-core,FALSE,FALSE
quotesinglbase,8218,‚,SINGLE LOW-9 QUOTATION MARK,GF-latin-core,FALSE,FALSE
quotedblleft,8220,“,LEFT DOUBLE QUOTATION MARK,GF-latin-core,FALSE,FALSE
quotedblright,8221,”,RIGHT DOUBLE QUOTATION MARK,GF-latin-core,FALSE,FALSE
quotedblbase,8222,„,DOUBLE LOW-9 QUOTATION MARK,GF-latin-core,FALSE,FALSE
guilsinglleft,8249,‹,SINGLE LEFT-POINTING ANGLE QUOTATION MARK,GF-latin-core,FALSE,FALSE
guilsinglright,8250,›,SINGLE RIGHT-POINTING ANGLE QUOTATION MARK,GF-latin-core,FALSE,FALSE
guillemetleft,171,«,LEFT-POINTING DOUBLE ANGLE QUOTATION MARK,GF-latin-core,FALSE,FALSE
guillemetright,187,»,RIGHT-POINTING DOUBLE ANGLE QUOTATION MARK,GF-latin-core,FALSE,FALSE
parenleft,40,(,LEFT PARENTHESIS,GF-latin-core,FALSE,FALSE
parenright,41,),RIGHT PARENTHESIS,GF-latin-core,FALSE,FALSE
bracketleft,91,[,LEFT SQUARE BRACKET,GF-latin-core,FALSE,FALSE
bracketright,93,],RIGHT SQUARE BRACKET,GF-latin-core,FALSE,FALSE
braceleft,123,{,LEFT CURLY BRACKET,GF-latin-core,FALSE,FALSE
braceright,125,},RIGHT CURLY BRACKET,GF-latin-core,FALSE,FALSE
slash,47,/,SOLIDUS,GF-latin-core,FALSE,FALSE
bar,124,|,VERTICAL LINE,GF-latin-core,FALSE,FALSE
brokenbar,166,¦,BROKEN BAR,GF-latin-core,FALSE,FALSE
backslash,92,\,REVERSE SOLIDUS,GF-latin-core,FALSE,FALSE
fraction,8260,⁄,FRACTION SLASH,GF-latin-core,FALSE,FALSE
bullet,8226,•,BULLET,GF-latin-core,FALSE,FALSE
hyphen,45,-,HYPHEN-MINUS,GF-latin-core,FALSE,FALSE
hyphensoft,173,­,SOFT HYPHEN,GF-latin-core,FALSE,FALSE
endash,8211,–,EN DASH,GF-latin-core,FALSE,FALSE
emdash,8212,—,EM DASH,GF-latin-core,FALSE,FALSE
underscore,95,_,LOW LINE,GF-latin-core,FALSE,FALSE
dollar,36,$,DOLLAR SIGN,GF-latin-core,FALSE,FALSE
cent,162,¢,CENT SIGN,GF-latin-core,FALSE,FALSE
sterling,163,£,POUND SIGN,GF-latin-core,FALSE,FALSE
yen,165,¥,YEN SIGN,GF-latin-core,FALSE,FALSE
Euro,8364,€,EURO SIGN,GF-latin-core,FALSE,FALSE
colonmonetary,8353,₡,COLON SIGN,GF-latin-plus,FALSE,FALSE
franc,8355,₣,FRENCH FRANC SIGN,GF-latin-plus,FALSE,FALSE
lira,8356,₤,LIRA SIGN,GF-latin-plus,FALSE,FALSE
naira,8358,₦,NAIRA SIGN,GF-latin-plus,FALSE,FALSE
peseta,8359,₧,PESETA SIGN,GF-latin-plus,FALSE,FALSE
won,8361,₩,WON SIGN,GF-latin-plus,FALSE,FALSE
dong,8363,₫,DONG SIGN,GF-latin-plus,FALSE,FALSE
kip,8365,₭,KIP SIGN,GF-latin-plus,FALSE,FALSE
peso,8369,₱,PESO SIGN,GF-latin-plus,FALSE,FALSE
guarani,8370,₲,GUARANI SIGN,GF-latin-plus,FALSE,FALSE
cedi,8373,₵,CEDI SIGN,GF-latin-plus,FALSE,FALSE
indianrupee,8377,₹,INDIAN RUPEE SIGN,GF-latin-plus,FALSE,FALSE
turkishlira,8378,₺,TURKISH LIRA SIGN,GF-latin-plus,FALSE,FALSE
manat,8380,₼,MANAT SIGN,GF-latin-plus,FALSE,FALSE
ruble,8381,₽,RUBLE SIGN,GF-latin-plus,FALSE,FALSE
numero,8470,№,NUMERO SIGN,GF-latin-plus,FALSE,FALSE
currency,164,¤,CURRENCY SIGN,GF-latin-core,FALSE,FALSE
plus,43,+,PLUS SIGN,GF-latin-core,FALSE,FALSE
minus,8722,−,MINUS SIGN,GF-latin-core,FALSE,FALSE
multiply,215,×,MULTIPLICATION SIGN,GF-latin-core,FALSE,FALSE
bulletoperator,8729,∙,BULLET OPERATOR,GF-latin-plus,FALSE,FALSE
divide,247,÷,DIVISION SIGN,GF-latin-core,FALSE,FALSE
plusminus,177,±,PLUS-MINUS SIGN,GF-latin-core,FALSE,FALSE
equal,61,=,EQUALS SIGN,GF-latin-core,FALSE,FALSE
approxequal,8776,≈,ALMOST EQUAL TO,GF-latin-plus,FALSE,FALSE
notequal,8800,≠,NOT EQUAL TO,GF-latin-plus,FALSE,FALSE
less,60,<,LESS-THAN SIGN,GF-latin-core,FALSE,FALSE
greater,62,>,GREATER-THAN SIGN,GF-latin-core,FALSE,FALSE
lessequal,8804,≤,LESS-THAN OR EQUAL TO,GF-latin-plus,FALSE,FALSE
greaterequal,8805,≥,GREATER-THAN OR EQUAL TO,GF-latin-plus,FALSE,FALSE
bracketangleleft,10216,⟨,MATHEMATICAL LEFT ANGLE BRACKET,GF-latin-plus,FALSE,FALSE
bracketangleright,10217,⟩,MATHEMATICAL RIGHT ANGLE BRACKET,GF-latin-plus,FALSE,FALSE
divisionslash,8725,∕,DIVISION SLASH,GF-latin-core,FALSE,FALSE
logicalnot,172,¬,NOT SIGN,GF-latin-core,FALSE,FALSE
mu.math,181,µ,MICRO SIGN,GF-latin-core,FALSE,FALSE
asterisk,42,*,ASTERISK,GF-latin-core,FALSE,FALSE
dagger,8224,†,DAGGER,GF-latin-plus,FALSE,FALSE
daggerdbl,8225,‡,DOUBLE DAGGER,GF-latin-plus,FALSE,FALSE
asciicircum,94,^,CIRCUMFLEX ACCENT,GF-latin-core,FALSE,FALSE
asciitilde,126,~,TILDE,GF-latin-core,FALSE,FALSE
percent,37,%,PERCENT SIGN,GF-latin-core,FALSE,FALSE
perthousand,8240,‰,PER MILLE SIGN,GF-latin-plus,FALSE,FALSE
degree,176,°,DEGREE SIGN,GF-latin-core,FALSE,FALSE
minute,8242,′,PRIME,GF-latin-plus,FALSE,FALSE
second,8243,″,DOUBLE PRIME,GF-latin-plus,FALSE,FALSE
gnrl:hyphen,8208,‐,HYPHEN,GF-latin-plus,FALSE,FALSE
commercialminussign,8274,⁒,COMMERCIAL MINUS SIGN,GF-latin-plus,FALSE,FALSE
ordmasculine,186,º,MASCULINE ORDINAL INDICATOR,GF-latin-core,FALSE,FALSE
ordfeminine,170,ª,FEMININE ORDINAL INDICATOR,GF-latin-core,FALSE,FALSE
copyright,169,©,COPYRIGHT SIGN,GF-latin-core,FALSE,FALSE
registered,174,®,REGISTERED SIGN,GF-latin-core,FALSE,FALSE
trademark,8482,™,TRADE MARK SIGN,GF-latin-plus,FALSE,FALSE
at,64,@,COMMERCIAL AT,GF-latin-core,FALSE,FALSE
numbersign,35,#,NUMBER SIGN,GF-latin-core,FALSE,FALSE
ampersand,38,&,AMPERSAND,GF-latin-core,FALSE,FALSE
section,167,§,SECTION SIGN,GF-latin-core,FALSE,FALSE
paragraph,182,¶,PILCROW SIGN,GF-latin-core,FALSE,FALSE
pi,960,π,GREEK SMALL LETTER PI,GF-latin-pro,FALSE,TRUE
litre,8467,ℓ,SCRIPT SMALL L,GF-latin-pro,FALSE,TRUE
ohm,8486,Ω,OHM SIGN,GF-latin-pro,FALSE,TRUE
estimated,8494,℮,ESTIMATED SYMBOL,GF-latin-pro,FALSE,TRUE
partialdiff,8706,∂,PARTIAL DIFFERENTIAL,GF-latin-pro,FALSE,TRUE
emptyset,8709,∅,EMPTY SET,GF-latin-pro,FALSE,TRUE
increment,8710,∆,INCREMENT,GF-latin-pro,FALSE,TRUE
product,8719,∏,N-ARY PRODUCT,GF-latin-pro,FALSE,TRUE
summation,8721,∑,N-ARY SUMMATION,GF-latin-pro,FALSE,TRUE
radical,8730,√,SQUARE ROOT,GF-latin-pro,FALSE,TRUE
infinity,8734,∞,INFINITY,GF-latin-pro,FALSE,TRUE
integral,8747,∫,INTEGRAL,GF-latin-pro,FALSE,TRUE
lozenge,9674,◊,LOZENGE,GF-latin-pro,FALSE,TRUE
zero.dnom,,,,GF-latin-pro,FALSE,FALSE
one.dnom,,,,GF-latin-pro,FALSE,FALSE
two.dnom,,,,GF-latin-pro,FALSE,FALSE
three.dnom,,,,GF-latin-pro,FALSE,FALSE
four.dnom,,,,GF-latin-pro,FALSE,FALSE
five.dnom,,,,GF-latin-pro,FALSE,FALSE
six.dnom,,,,GF-latin-pro,FALSE,FALSE
seven.dnom,,,,GF-latin-pro,FALSE,FALSE
eight.dnom,,,,GF-latin-pro,FALSE,FALSE
nine.dnom,,,,GF-latin-pro,FALSE,FALSE
zero.numr,,,,GF-latin-pro,FALSE,FALSE
one.numr,,,,GF-latin-pro,FALSE,FALSE
two.numr,,,,GF-latin-pro,FALSE,FALSE
three.numr,,,,GF-latin-pro,FALSE,FALSE
four.numr,,,,GF-latin-pro,FALSE,FALSE
five.numr,,,,GF-latin-pro,FALSE,FALSE
six.numr,,,,GF-latin-pro,FALSE,FALSE
seven.numr,,,,GF-latin-pro,FALSE,FALSE
eight.numr,,,,GF-latin-pro,FALSE,FALSE
nine.numr,,,,GF-latin-pro,FALSE,FALSE
zero.subs,,,,GF-latin-pro,FALSE,FALSE
one.subs,,,,GF-latin-pro,FALSE,FALSE
two.subs,,,,GF-latin-pro,FALSE,FALSE
three.subs,,,,GF-latin-pro,FALSE,FALSE
four.subs,,,,GF-latin-pro,FALSE,FALSE
five.subs,,,,GF-latin-pro,FALSE,FALSE
six.subs,,,,GF-latin-pro,FALSE,FALSE
seven.subs,,,,GF-latin-pro,FALSE,FALSE
eight.subs,,,,GF-latin-pro,FALSE,FALSE
nine.subs,,,,GF-latin-pro,FALSE,FALSE
zero.superior,8304,⁰,SUPERSCRIPT ZERO,GF-latin-pro,FALSE,FALSE
onesuperior,185,¹,SUPERSCRIPT ONE,GF-latin-core,FALSE,FALSE
twosuperior,178,²,SUPERSCRIPT TWO,GF-latin-core,FALSE,FALSE
threesuperior,179,³,SUPERSCRIPT THREE,GF-latin-core,FALSE,FALSE
four.superior,8308,⁴,SUPERSCRIPT FOUR,GF-latin-core,FALSE,FALSE
five.superior,8309,⁵,SUPERSCRIPT FIVE,GF-latin-pro,FALSE,FALSE
six.superior,8310,⁶,SUPERSCRIPT SIX,GF-latin-pro,FALSE,FALSE
seven.superior,8311,⁷,SUPERSCRIPT SEVEN,GF-latin-pro,FALSE,FALSE
eight.superior,8312,⁸,SUPERSCRIPT EIGHT,GF-latin-pro,FALSE,FALSE
nine.superior,8313,⁹,SUPERSCRIPT NINE,GF-latin-pro,FALSE,FALSE
zero.inferior,8320,₀,SUBSCRIPT ZERO,GF-latin-pro,FALSE,FALSE
one.inferior,8321,₁,SUBSCRIPT ONE,GF-latin-pro,FALSE,FALSE
two.inferior,8322,₂,SUBSCRIPT TWO,GF-latin-pro,FALSE,FALSE
three.inferior,8323,₃,SUBSCRIPT THREE,GF-latin-pro,FALSE,FALSE
four.inferior,8324,₄,SUBSCRIPT FOUR,GF-latin-pro,FALSE,FALSE
five.inferior,8325,₅,SUBSCRIPT FIVE,GF-latin-pro,FALSE,FALSE
six.inferior,8326,₆,SUBSCRIPT SIX,GF-latin-pro,FALSE,FALSE
seven.inferior,8327,₇,SUBSCRIPT SEVEN,GF-latin-pro,FALSE,FALSE
eight.inferior,8328,₈,SUBSCRIPT EIGHT,GF-latin-pro,FALSE,FALSE
nine.inferior,8329,₉,SUBSCRIPT NINE,GF-latin-pro,FALSE,FALSE
onehalf,189,½,VULGAR FRACTION ONE HALF,GF-latin-core,FALSE,FALSE
onethird,8531,⅓,VULGAR FRACTION ONE THIRD,GF-latin-expert,FALSE,FALSE
onequarter,188,¼,VULGAR FRACTION ONE QUARTER,GF-latin-core,FALSE,FALSE
oneeighth,8539,⅛,VULGAR FRACTION ONE EIGHTH,GF-latin-expert,FALSE,FALSE
twothirds,8532,⅔,VULGAR FRACTION TWO THIRDS,GF-latin-expert,FALSE,FALSE
threequarters,190,¾,VULGAR FRACTION THREE QUARTERS,GF-latin-core,FALSE,FALSE
threeeighths,8540,⅜,VULGAR FRACTION THREE EIGHTHS,GF-latin-expert,FALSE,FALSE
fiveeighths,8541,⅝,VULGAR FRACTION FIVE EIGHTHS,GF-latin-expert,FALSE,FALSE
seveneighths,8542,⅞,VULGAR FRACTION SEVEN EIGHTHS,GF-latin-expert,FALSE,FALSE
dieresis,168,¨,DIAERESIS,GF-latin-core,FALSE,FALSE
grave,96,`,GRAVE ACCENT,GF-latin-core,FALSE,FALSE
macron,175,¯,MACRON,GF-latin-core,FALSE,FALSE
acute,180,´,ACUTE ACCENT,GF-latin-core,FALSE,FALSE
cedilla,184,¸,CEDILLA,GF-latin-core,FALSE,FALSE
circumflex,710,ˆ,MODIFIER LETTER CIRCUMFLEX ACCENT,GF-latin-core,FALSE,FALSE
ring,730,˚,RING ABOVE,GF-latin-core,FALSE,FALSE
tilde,732,˜,SMALL TILDE,GF-latin-core,FALSE,FALSE
primemod,697,ʹ,MODIFIER LETTER PRIME,GF-latin-plus,FALSE,FALSE
primedblmod,698,ʺ,MODIFIER LETTER DOUBLE PRIME,GF-latin-plus,FALSE,FALSE
apostrophemod,700,ʼ,MODIFIER LETTER APOSTROPHE,GF-latin-plus,FALSE,FALSE
caron,711,ˇ,CARON,GF-latin-plus,FALSE,FALSE
breve,728,˘,BREVE,GF-latin-plus,FALSE,FALSE
dotaccent,729,˙,DOT ABOVE,GF-latin-plus,FALSE,FALSE
ogonek,731,˛,OGONEK,GF-latin-plus,FALSE,FALSE
hungarumlaut,733,˝,DOUBLE ACUTE ACCENT,GF-latin-plus,FALSE,FALSE
gravecmb,768,̀,COMBINING GRAVE ACCENT,GF-latin-plus,FALSE,FALSE
acutecmb,769,́,COMBINING ACUTE ACCENT,GF-latin-plus,FALSE,FALSE
circumflexcmb,770,̂,COMBINING CIRCUMFLEX ACCENT,GF-latin-plus,FALSE,FALSE
tildecmb,771,̃,COMBINING TILDE,GF-latin-plus,FALSE,FALSE
macroncmb,772,̄,COMBINING MACRON,GF-latin-plus,FALSE,FALSE
brevecmb,774,̆,COMBINING BREVE,GF-latin-plus,FALSE,FALSE
dotaccentcmb,775,̇,COMBINING DOT ABOVE,GF-latin-plus,FALSE,FALSE
dieresiscmb,776,̈,COMBINING DIAERESIS,GF-latin-plus,FALSE,FALSE
hookabovecmb,777,̉,COMBINING HOOK ABOVE,GF-latin-plus,FALSE,FALSE
ringabovecmb,778,̊,COMBINING RING ABOVE,GF-latin-plus,FALSE,FALSE
hungarumlautcmb,779,̋,COMBINING DOUBLE ACUTE ACCENT,GF-latin-plus,FALSE,FALSE
caroncmb,780,̌,COMBINING CARON,GF-latin-plus,FALSE,FALSE
gravedoublecmb,783,̏,COMBINING DOUBLE GRAVE ACCENT,GF-latin-plus,FALSE,FALSE
invertedbrevecmb,785,̑,COMBINING INVERTED BREVE,GF-latin-plus,FALSE,FALSE
commaturnedabovecmb,786,̒,COMBINING TURNED COMMA ABOVE,GF-latin-plus,FALSE,FALSE
horncmb,795,̛,COMBINING HORN,GF-latin-plus,FALSE,FALSE
dotbelowcmbcmb,803,̣,COMBINING DOT BELOW,GF-latin-plus,FALSE,FALSE
dieresisbelowcmb,804,̤,COMBINING DIAERESIS BELOW,GF-latin-plus,FALSE,FALSE
commaaccentbelowcmb,806,̦,COMBINING COMMA BELOW,GF-latin-plus,FALSE,FALSE
cedillacmb,807,̧,COMBINING CEDILLA,GF-latin-plus,FALSE,FALSE
ogonekcmb,808,̨,COMBINING OGONEK,GF-latin-plus,FALSE,FALSE
belowbrevecmb,814,̮,COMBINING BREVE BELOW,GF-latin-plus,FALSE,FALSE
macronbelowcmb,817,̱,COMBINING MACRON BELOW,GF-latin-plus,FALSE,FALSE
overlaystrokeshortcmb,821,̵,COMBINING SHORT STROKE OVERLAY,GF-latin-plus,FALSE,FALSE
circumflexcmb_acutecmb,,,,GF-latin-plus,FALSE,FALSE
circumflexcmb_gravecmb,,,,GF-latin-plus,FALSE,FALSE
circumflexcmb_hookabovecmb,,,,GF-latin-plus,FALSE,FALSE
circumflexcmb_tildecmb,,,,GF-latin-plus,FALSE,FALSE
brevecmb_acutecmb,,,,GF-latin-plus,FALSE,FALSE
brevecmb_gravecmb,,,,GF-latin-plus,FALSE,FALSE
brevecmb_hookabovecmb,,,,GF-latin-plus,FALSE,FALSE
brevecmb_tildecmb,,,,GF-latin-plus,FALSE,FALSE
caroncmb.alt,,,,GF-latin-plus,FALSE,FALSE
periodcentered.loclCAT,,,,GF-latin-plus,FALSE,FALSE
Aacute,193,Á,LATIN CAPITAL LETTER A WITH ACUTE,GF-latin-core,FALSE,FALSE
Abreve,258,Ă,LATIN CAPITAL LETTER A WITH BREVE,GF-latin-plus,FALSE,FALSE
Abreveacute,7854,Ắ,LATIN CAPITAL LETTER A WITH BREVE AND ACUTE,GF-latin-plus,FALSE,FALSE
Abrevedotbelow,7862,Ặ,LATIN CAPITAL LETTER A WITH BREVE AND DOT BELOW,GF-latin-plus,FALSE,FALSE
Abrevegrave,7856,Ằ,LATIN CAPITAL LETTER A WITH BREVE AND GRAVE,GF-latin-plus,FALSE,FALSE
Abrevehoi,7858,Ẳ,LATIN CAPITAL LETTER A WITH BREVE AND HOOK ABOVE,GF-latin-plus,FALSE,FALSE
Abrevetilde,7860,Ẵ,LATIN CAPITAL LETTER A WITH BREVE AND TILDE,GF-latin-plus,FALSE,FALSE
Acircumflex,194,Â,LATIN CAPITAL LETTER A WITH CIRCUMFLEX,GF-latin-core,FALSE,FALSE
Acircumflexacute,7844,Ấ,LATIN CAPITAL LETTER A WITH CIRCUMFLEX AND ACUTE,GF-latin-plus,FALSE,FALSE
Acircumflexdotbelow,7852,Ậ,LATIN CAPITAL LETTER A WITH CIRCUMFLEX AND DOT BELOW,GF-latin-plus,FALSE,FALSE
Acircumflexgrave,7846,Ầ,LATIN CAPITAL LETTER A WITH CIRCUMFLEX AND GRAVE,GF-latin-plus,FALSE,FALSE
Acircumflexhoi,7848,Ẩ,LATIN CAPITAL LETTER A WITH CIRCUMFLEX AND HOOK ABOVE,GF-latin-plus,FALSE,FALSE
Acircumflextilde,7850,Ẫ,LATIN CAPITAL LETTER A WITH CIRCUMFLEX AND TILDE,GF-latin-plus,FALSE,FALSE
Adieresis,196,Ä,LATIN CAPITAL LETTER A WITH DIAERESIS,GF-latin-core,FALSE,FALSE
Adotbelow,7840,Ạ,LATIN CAPITAL LETTER A WITH DOT BELOW,GF-latin-plus,FALSE,FALSE
Agravedbl,512,Ȁ,LATIN CAPITAL LETTER A WITH DOUBLE GRAVE,GF-latin-plus,FALSE,FALSE
Agrave,192,À,LATIN CAPITAL LETTER A WITH GRAVE,GF-latin-core,FALSE,FALSE
Ahoi,7842,Ả,LATIN CAPITAL LETTER A WITH HOOK ABOVE,GF-latin-plus,FALSE,FALSE
Ainvertedbreve,514,Ȃ,LATIN CAPITAL LETTER A WITH INVERTED BREVE,GF-latin-plus,FALSE,FALSE
Amacron,256,Ā,LATIN CAPITAL LETTER A WITH MACRON,GF-latin-plus,FALSE,FALSE
Aogonek,260,Ą,LATIN CAPITAL LETTER A WITH OGONEK,GF-latin-plus,FALSE,FALSE
Aring,197,Å,LATIN CAPITAL LETTER A WITH RING ABOVE,GF-latin-core,FALSE,FALSE
Aringacute,506,Ǻ,LATIN CAPITAL LETTER A WITH RING ABOVE AND ACUTE,GF-latin-plus,FALSE,FALSE
Atilde,195,Ã,LATIN CAPITAL LETTER A WITH TILDE,GF-latin-core,FALSE,FALSE
AE,198,Æ,LATIN CAPITAL LETTER AE,GF-latin-core,FALSE,FALSE
AEacute,508,Ǽ,LATIN CAPITAL LETTER AE WITH ACUTE,GF-latin-plus,FALSE,FALSE
Cacute,262,Ć,LATIN CAPITAL LETTER C WITH ACUTE,GF-latin-plus,FALSE,FALSE
Ccaron,268,Č,LATIN CAPITAL LETTER C WITH CARON,GF-latin-plus,FALSE,FALSE
Ccedilla,199,Ç,LATIN CAPITAL LETTER C WITH CEDILLA,GF-latin-core,FALSE,FALSE
Ccedillaacute,7688,Ḉ,LATIN CAPITAL LETTER C WITH CEDILLA AND ACUTE,GF-latin-pro,FALSE,FALSE
Ccircumflex,264,Ĉ,LATIN CAPITAL LETTER C WITH CIRCUMFLEX,GF-latin-plus,FALSE,FALSE
Cdotaccent,266,Ċ,LATIN CAPITAL LETTER C WITH DOT ABOVE,GF-latin-plus,FALSE,FALSE
Dcaron,270,Ď,LATIN CAPITAL LETTER D WITH CARON,GF-latin-plus,FALSE,FALSE
Ddotbelow,7692,Ḍ,LATIN CAPITAL LETTER D WITH DOT BELOW,GF-latin-pro,FALSE,FALSE
Dlinebelow,7694,Ḏ,LATIN CAPITAL LETTER D WITH LINE BELOW,GF-latin-pro,FALSE,FALSE
Dcroat,272,Đ,LATIN CAPITAL LETTER D WITH STROKE,GF-latin-plus,FALSE,FALSE
Eth,208,Ð,LATIN CAPITAL LETTER ETH,GF-latin-core,FALSE,FALSE
Eacute,201,É,LATIN CAPITAL LETTER E WITH ACUTE,GF-latin-core,FALSE,FALSE
Ebreve,276,Ĕ,LATIN CAPITAL LETTER E WITH BREVE,GF-latin-plus,FALSE,FALSE
Ecaron,282,Ě,LATIN CAPITAL LETTER E WITH CARON,GF-latin-plus,FALSE,FALSE
Ecedillabreve,7708,Ḝ,LATIN CAPITAL LETTER E WITH CEDILLA AND BREVE,GF-latin-pro,FALSE,FALSE
Ecircumflex,202,Ê,LATIN CAPITAL LETTER E WITH CIRCUMFLEX,GF-latin-core,FALSE,FALSE
Ecircumflexacute,7870,Ế,LATIN CAPITAL LETTER E WITH CIRCUMFLEX AND ACUTE,GF-latin-plus,FALSE,FALSE
Ecircumflexdotbelow,7878,Ệ,LATIN CAPITAL LETTER E WITH CIRCUMFLEX AND DOT BELOW,GF-latin-plus,FALSE,FALSE
Ecircumflexgrave,7872,Ề,LATIN CAPITAL LETTER E WITH CIRCUMFLEX AND GRAVE,GF-latin-plus,FALSE,FALSE
Ecircumflexhoi,7874,Ể,LATIN CAPITAL LETTER E WITH CIRCUMFLEX AND HOOK ABOVE,GF-latin-plus,FALSE,FALSE
Ecircumflextilde,7876,Ễ,LATIN CAPITAL LETTER E WITH CIRCUMFLEX AND TILDE,GF-latin-plus,FALSE,FALSE
Edieresis,203,Ë,LATIN CAPITAL LETTER E WITH DIAERESIS,GF-latin-core,FALSE,FALSE
Edotaccent,278,Ė,LATIN CAPITAL LETTER E WITH DOT ABOVE,GF-latin-plus,FALSE,FALSE
Edotbelow,7864,Ẹ,LATIN CAPITAL LETTER E WITH DOT BELOW,GF-latin-plus,FALSE,FALSE
Egravedbl,516,Ȅ,LATIN CAPITAL LETTER E WITH DOUBLE GRAVE,GF-latin-plus,FALSE,FALSE
Egrave,200,È,LATIN CAPITAL LETTER E WITH GRAVE,GF-latin-core,FALSE,FALSE
Ehoi,7866,Ẻ,LATIN CAPITAL LETTER E WITH HOOK ABOVE,GF-latin-plus,FALSE,FALSE
Einvertedbreve,518,Ȇ,LATIN CAPITAL LETTER E WITH INVERTED BREVE,GF-latin-plus,FALSE,FALSE
Emacron,274,Ē,LATIN CAPITAL LETTER E WITH MACRON,GF-latin-plus,FALSE,FALSE
Emacronacute,7702,Ḗ,LATIN CAPITAL LETTER E WITH MACRON AND ACUTE,GF-latin-pro,FALSE,FALSE
Emacrongrave,7700,Ḕ,LATIN CAPITAL LETTER E WITH MACRON AND GRAVE,GF-latin-pro,FALSE,FALSE
Eogonek,280,Ę,LATIN CAPITAL LETTER E WITH OGONEK,GF-latin-plus,FALSE,FALSE
Etilde,7868,Ẽ,LATIN CAPITAL LETTER E WITH TILDE,GF-latin-plus,FALSE,FALSE
Gbreve,286,Ğ,LATIN CAPITAL LETTER G WITH BREVE,GF-latin-plus,FALSE,FALSE
Gcaron,486,Ǧ,LATIN CAPITAL LETTER G WITH CARON,GF-latin-plus,FALSE,FALSE
Gcedilla,290,Ģ,LATIN CAPITAL LETTER G WITH CEDILLA,GF-latin-plus,FALSE,FALSE
Gcircumflex,284,Ĝ,LATIN CAPITAL LETTER G WITH CIRCUMFLEX,GF-latin-plus,FALSE,FALSE
Gdotaccent,288,Ġ,LATIN CAPITAL LETTER G WITH DOT ABOVE,GF-latin-plus,FALSE,FALSE
Gmacron,7712,Ḡ,LATIN CAPITAL LETTER G WITH MACRON,GF-latin-pro,FALSE,FALSE
Hbrevebelow,7722,Ḫ,LATIN CAPITAL LETTER H WITH BREVE BELOW,GF-latin-pro,FALSE,FALSE
Hcircumflex,292,Ĥ,LATIN CAPITAL LETTER H WITH CIRCUMFLEX,GF-latin-plus,FALSE,FALSE
Hdotbelow,7716,Ḥ,LATIN CAPITAL LETTER H WITH DOT BELOW,GF-latin-pro,FALSE,FALSE
Hbar,294,Ħ,LATIN CAPITAL LETTER H WITH STROKE,GF-latin-plus,FALSE,FALSE
Iacute,205,Í,LATIN CAPITAL LETTER I WITH ACUTE,GF-latin-core,FALSE,FALSE
Ibreve,300,Ĭ,LATIN CAPITAL LETTER I WITH BREVE,GF-latin-plus,FALSE,FALSE
Icircumflex,206,Î,LATIN CAPITAL LETTER I WITH CIRCUMFLEX,GF-latin-core,FALSE,FALSE
Idieresis,207,Ï,LATIN CAPITAL LETTER I WITH DIAERESIS,GF-latin-core,FALSE,FALSE
Idieresisacute,7726,Ḯ,LATIN CAPITAL LETTER I WITH DIAERESIS AND ACUTE,GF-latin-pro,FALSE,FALSE
Idotaccent,304,İ,LATIN CAPITAL LETTER I WITH DOT ABOVE,GF-latin-plus,FALSE,FALSE
Idotbelow,7882,Ị,LATIN CAPITAL LETTER I WITH DOT BELOW,GF-latin-plus,FALSE,FALSE
Igravedbl,520,Ȉ,LATIN CAPITAL LETTER I WITH DOUBLE GRAVE,GF-latin-plus,FALSE,FALSE
Igrave,204,Ì,LATIN CAPITAL LETTER I WITH GRAVE,GF-latin-core,FALSE,FALSE
Ihoi,7880,Ỉ,LATIN CAPITAL LETTER I WITH HOOK ABOVE,GF-latin-plus,FALSE,FALSE
Iinvertedbreve,522,Ȋ,LATIN CAPITAL LETTER I WITH INVERTED BREVE,GF-latin-plus,FALSE,FALSE
Imacron,298,Ī,LATIN CAPITAL LETTER I WITH MACRON,GF-latin-plus,FALSE,FALSE
Iogonek,302,Į,LATIN CAPITAL LETTER I WITH OGONEK,GF-latin-plus,FALSE,FALSE
Itilde,296,Ĩ,LATIN CAPITAL LETTER I WITH TILDE,GF-latin-plus,FALSE,FALSE
Jcircumflex,308,Ĵ,LATIN CAPITAL LETTER J WITH CIRCUMFLEX,GF-latin-plus,FALSE,FALSE
Kcedilla,310,Ķ,LATIN CAPITAL LETTER K WITH CEDILLA,GF-latin-plus,FALSE,FALSE
Lacute,313,Ĺ,LATIN CAPITAL LETTER L WITH ACUTE,GF-latin-plus,FALSE,FALSE
Lcaron,317,Ľ,LATIN CAPITAL LETTER L WITH CARON,GF-latin-plus,FALSE,FALSE
Lcedilla,315,Ļ,LATIN CAPITAL LETTER L WITH CEDILLA,GF-latin-plus,FALSE,FALSE
Ldotbelow,7734,Ḷ,LATIN CAPITAL LETTER L WITH DOT BELOW,GF-latin-pro,FALSE,FALSE
Llinebelow,7738,Ḻ,LATIN CAPITAL LETTER L WITH LINE BELOW,GF-latin-pro,FALSE,FALSE
Ldot,319,Ŀ,LATIN CAPITAL LETTER L WITH MIDDLE DOT,GF-latin-plus,FALSE,FALSE
Lslash,321,Ł,LATIN CAPITAL LETTER L WITH STROKE,GF-latin-plus,FALSE,FALSE
Mdotbelow,7746,Ṃ,LATIN CAPITAL LETTER M WITH DOT BELOW,GF-latin-pro,FALSE,FALSE
Nacute,323,Ń,LATIN CAPITAL LETTER N WITH ACUTE,GF-latin-plus,FALSE,FALSE
Ncaron,327,Ň,LATIN CAPITAL LETTER N WITH CARON,GF-latin-plus,FALSE,FALSE
Ncedilla,325,Ņ,LATIN CAPITAL LETTER N WITH CEDILLA,GF-latin-plus,FALSE,FALSE
Ndot,7748,Ṅ,LATIN CAPITAL LETTER N WITH DOT ABOVE,GF-latin-pro,FALSE,FALSE
Ndotbelow,7750,Ṇ,LATIN CAPITAL LETTER N WITH DOT BELOW,GF-latin-pro,FALSE,FALSE
Nlinebelow,7752,Ṉ,LATIN CAPITAL LETTER N WITH LINE BELOW,GF-latin-pro,FALSE,FALSE
Ntilde,209,Ñ,LATIN CAPITAL LETTER N WITH TILDE,GF-latin-core,FALSE,FALSE
Eng,330,Ŋ,LATIN CAPITAL LETTER ENG,GF-latin-plus,FALSE,FALSE
Oacute,211,Ó,LATIN CAPITAL LETTER O WITH ACUTE,GF-latin-core,FALSE,FALSE
Obreve,334,Ŏ,LATIN CAPITAL LETTER O WITH BREVE,GF-latin-plus,FALSE,FALSE
Ocircumflex,212,Ô,LATIN CAPITAL LETTER O WITH CIRCUMFLEX,GF-latin-core,FALSE,FALSE
Ocircumflexacute,7888,Ố,LATIN CAPITAL LETTER O WITH CIRCUMFLEX AND ACUTE,GF-latin-plus,FALSE,FALSE
Ocircumflexdotbelow,7896,Ộ,LATIN CAPITAL LETTER O WITH CIRCUMFLEX AND DOT BELOW,GF-latin-plus,FALSE,FALSE
Ocircumflexgrave,7890,Ồ,LATIN CAPITAL LETTER O WITH CIRCUMFLEX AND GRAVE,GF-latin-plus,FALSE,FALSE
Ocircumflexhoi,7892,Ổ,LATIN CAPITAL LETTER O WITH CIRCUMFLEX AND HOOK ABOVE,GF-latin-plus,FALSE,FALSE
Ocircumflextilde,7894,Ỗ,LATIN CAPITAL LETTER O WITH CIRCUMFLEX AND TILDE,GF-latin-plus,FALSE,FALSE
Odieresis,214,Ö,LATIN CAPITAL LETTER O WITH DIAERESIS,GF-latin-core,FALSE,FALSE
Odieresismacron,554,Ȫ,LATIN CAPITAL LETTER O WITH DIAERESIS AND MACRON,GF-latin-plus,FALSE,FALSE
Odotmacron,560,Ȱ,LATIN CAPITAL LETTER O WITH DOT ABOVE AND MACRON,GF-latin-plus,FALSE,FALSE
Odotbelow,7884,Ọ,LATIN CAPITAL LETTER O WITH DOT BELOW,GF-latin-plus,FALSE,FALSE
Ohungarumlaut,336,Ő,LATIN CAPITAL LETTER O WITH DOUBLE ACUTE,GF-latin-plus,FALSE,FALSE
Ogravedbl,524,Ȍ,LATIN CAPITAL LETTER O WITH DOUBLE GRAVE,GF-latin-plus,FALSE,FALSE
Ograve,210,Ò,LATIN CAPITAL LETTER O WITH GRAVE,GF-latin-core,FALSE,FALSE
Ohoi,7886,Ỏ,LATIN CAPITAL LETTER O WITH HOOK ABOVE,GF-latin-plus,FALSE,FALSE
Ohorn,416,Ơ,LATIN CAPITAL LETTER O WITH HORN,GF-latin-plus,FALSE,FALSE
Ohornacute,7898,Ớ,LATIN CAPITAL LETTER O WITH HORN AND ACUTE,GF-latin-plus,FALSE,FALSE
Ohorndotbelow,7906,Ợ,LATIN CAPITAL LETTER O WITH HORN AND DOT BELOW,GF-latin-plus,FALSE,FALSE
Ohorngrave,7900,Ờ,LATIN CAPITAL LETTER O WITH HORN AND GRAVE,GF-latin-plus,FALSE,FALSE
Ohornhoi,7902,Ở,LATIN CAPITAL LETTER O WITH HORN AND HOOK ABOVE,GF-latin-plus,FALSE,FALSE
Ohorntilde,7904,Ỡ,LATIN CAPITAL LETTER O WITH HORN AND TILDE,GF-latin-plus,FALSE,FALSE
Oinvertedbreve,526,Ȏ,LATIN CAPITAL LETTER O WITH INVERTED BREVE,GF-latin-plus,FALSE,FALSE
Omacron,332,Ō,LATIN CAPITAL LETTER O WITH MACRON,GF-latin-plus,FALSE,FALSE
Omacronacute,7762,Ṓ,LATIN CAPITAL LETTER O WITH MACRON AND ACUTE,GF-latin-pro,FALSE,FALSE
Omacrongrave,7760,Ṑ,LATIN CAPITAL LETTER O WITH MACRON AND GRAVE,GF-latin-pro,FALSE,FALSE
Oogonek,490,Ǫ,LATIN CAPITAL LETTER O WITH OGONEK,GF-latin-plus,FALSE,FALSE
Oslash,216,Ø,LATIN CAPITAL LETTER O WITH STROKE,GF-latin-core,FALSE,FALSE
Oslashacute,510,Ǿ,LATIN CAPITAL LETTER O WITH STROKE AND ACUTE,GF-latin-plus,FALSE,FALSE
Otilde,213,Õ,LATIN CAPITAL LETTER O WITH TILDE,GF-latin-core,FALSE,FALSE
Otildeacute,7756,Ṍ,LATIN CAPITAL LETTER O WITH TILDE AND ACUTE,GF-latin-pro,FALSE,FALSE
Otildedieresis,7758,Ṏ,LATIN CAPITAL LETTER O WITH TILDE AND DIAERESIS,GF-latin-pro,FALSE,FALSE
Otildemacron,556,Ȭ,LATIN CAPITAL LETTER O WITH TILDE AND MACRON,GF-latin-plus,FALSE,FALSE
OE,338,Œ,LATIN CAPITAL LIGATURE OE,GF-latin-core,FALSE,FALSE
Racute,340,Ŕ,LATIN CAPITAL LETTER R WITH ACUTE,GF-latin-plus,FALSE,FALSE
Rcaron,344,Ř,LATIN CAPITAL LETTER R WITH CARON,GF-latin-plus,FALSE,FALSE
Rcedilla,342,Ŗ,LATIN CAPITAL LETTER R WITH CEDILLA,GF-latin-plus,FALSE,FALSE
Rdotbelow,7770,Ṛ,LATIN CAPITAL LETTER R WITH DOT BELOW,GF-latin-pro,FALSE,FALSE
Rgravedbl,528,Ȑ,LATIN CAPITAL LETTER R WITH DOUBLE GRAVE,GF-latin-plus,FALSE,FALSE
Rinvertedbreve,530,Ȓ,LATIN CAPITAL LETTER R WITH INVERTED BREVE,GF-latin-plus,FALSE,FALSE
Rlinebelow,7774,Ṟ,LATIN CAPITAL LETTER R WITH LINE BELOW,GF-latin-pro,FALSE,FALSE
Sacute,346,Ś,LATIN CAPITAL LETTER S WITH ACUTE,GF-latin-plus,FALSE,FALSE
Sacutedotaccent,7780,Ṥ,LATIN CAPITAL LETTER S WITH ACUTE AND DOT ABOVE,GF-latin-pro,FALSE,FALSE
Scaron,352,Š,LATIN CAPITAL LETTER S WITH CARON,GF-latin-plus,FALSE,FALSE
Scarondot,7782,Ṧ,LATIN CAPITAL LETTER S WITH CARON AND DOT ABOVE,GF-latin-pro,FALSE,FALSE
Scedilla,350,Ş,LATIN CAPITAL LETTER S WITH CEDILLA,GF-latin-plus,FALSE,FALSE
Scircumflex,348,Ŝ,LATIN CAPITAL LETTER S WITH CIRCUMFLEX,GF-latin-plus,FALSE,FALSE
Scommaaccent,536,Ș,LATIN CAPITAL LETTER S WITH COMMA BELOW,GF-latin-plus,FALSE,FALSE
Sdot,7776,Ṡ,LATIN CAPITAL LETTER S WITH DOT ABOVE,GF-latin-pro,FALSE,FALSE
Sdotbelow,7778,Ṣ,LATIN CAPITAL LETTER S WITH DOT BELOW,GF-latin-pro,FALSE,FALSE
Sdotbelowdotabove,7784,Ṩ,LATIN CAPITAL LETTER S WITH DOT BELOW AND DOT ABOVE,GF-latin-pro,FALSE,FALSE
Germandbls,7838,ẞ,LATIN CAPITAL LETTER SHARP S,GF-latin-plus,FALSE,FALSE
Schwa,399,Ə,LATIN CAPITAL LETTER SCHWA,GF-latin-plus,FALSE,FALSE
Tcaron,356,Ť,LATIN CAPITAL LETTER T WITH CARON,GF-latin-plus,FALSE,FALSE
Tcedilla,354,Ţ,LATIN CAPITAL LETTER T WITH CEDILLA,GF-latin-plus,FALSE,FALSE
Tcommaaccent,538,Ț,LATIN CAPITAL LETTER T WITH COMMA BELOW,GF-latin-plus,FALSE,FALSE
Tdotbelow,7788,Ṭ,LATIN CAPITAL LETTER T WITH DOT BELOW,GF-latin-pro,FALSE,FALSE
Tlinebelow,7790,Ṯ,LATIN CAPITAL LETTER T WITH LINE BELOW,GF-latin-pro,FALSE,FALSE
Tbar,358,Ŧ,LATIN CAPITAL LETTER T WITH STROKE,GF-latin-plus,FALSE,FALSE
Thorn,222,Þ,LATIN CAPITAL LETTER THORN,GF-latin-core,FALSE,FALSE
Uacute,218,Ú,LATIN CAPITAL LETTER U WITH ACUTE,GF-latin-core,FALSE,FALSE
Ubreve,364,Ŭ,LATIN CAPITAL LETTER U WITH BREVE,GF-latin-plus,FALSE,FALSE
Ucircumflex,219,Û,LATIN CAPITAL LETTER U WITH CIRCUMFLEX,GF-latin-core,FALSE,FALSE
Udieresis,220,Ü,LATIN CAPITAL LETTER U WITH DIAERESIS,GF-latin-core,FALSE,FALSE
Udotbelow,7908,Ụ,LATIN CAPITAL LETTER U WITH DOT BELOW,GF-latin-plus,FALSE,FALSE
Uhungarumlaut,368,Ű,LATIN CAPITAL LETTER U WITH DOUBLE ACUTE,GF-latin-plus,FALSE,FALSE
Ugravedbl,532,Ȕ,LATIN CAPITAL LETTER U WITH DOUBLE GRAVE,GF-latin-plus,FALSE,FALSE
Ugrave,217,Ù,LATIN CAPITAL LETTER U WITH GRAVE,GF-latin-core,FALSE,FALSE
Uhoi,7910,Ủ,LATIN CAPITAL LETTER U WITH HOOK ABOVE,GF-latin-plus,FALSE,FALSE
Uhorn,431,Ư,LATIN CAPITAL LETTER U WITH HORN,GF-latin-plus,FALSE,FALSE
Uhornacute,7912,Ứ,LATIN CAPITAL LETTER U WITH HORN AND ACUTE,GF-latin-plus,FALSE,FALSE
Uhorndotbelow,7920,Ự,LATIN CAPITAL LETTER U WITH HORN AND DOT BELOW,GF-latin-plus,FALSE,FALSE
Uhorngrave,7914,Ừ,LATIN CAPITAL LETTER U WITH HORN AND GRAVE,GF-latin-plus,FALSE,FALSE
Uhornhoi,7916,Ử,LATIN CAPITAL LETTER U WITH HORN AND HOOK ABOVE,GF-latin-plus,FALSE,FALSE
Uhorntilde,7918,Ữ,LATIN CAPITAL LETTER U WITH HORN AND TILDE,GF-latin-plus,FALSE,FALSE
Uinvertedbreve,534,Ȗ,LATIN CAPITAL LETTER U WITH INVERTED BREVE,GF-latin-plus,FALSE,FALSE
Umacron,362,Ū,LATIN CAPITAL LETTER U WITH MACRON,GF-latin-plus,FALSE,FALSE
Umacrondieresis,7802,Ṻ,LATIN CAPITAL LETTER U WITH MACRON AND DIAERESIS,GF-latin-pro,FALSE,FALSE
Uogonek,370,Ų,LATIN CAPITAL LETTER U WITH OGONEK,GF-latin-plus,FALSE,FALSE
Uring,366,Ů,LATIN CAPITAL LETTER U WITH RING ABOVE,GF-latin-plus,FALSE,FALSE
Utilde,360,Ũ,LATIN CAPITAL LETTER U WITH TILDE,GF-latin-plus,FALSE,FALSE
Utildeacute,7800,Ṹ,LATIN CAPITAL LETTER U WITH TILDE AND ACUTE,GF-latin-pro,FALSE,FALSE
Wacute,7810,Ẃ,LATIN CAPITAL LETTER W WITH ACUTE,GF-latin-plus,FALSE,FALSE
Wcircumflex,372,Ŵ,LATIN CAPITAL LETTER W WITH CIRCUMFLEX,GF-latin-plus,FALSE,FALSE
Wdieresis,7812,Ẅ,LATIN CAPITAL LETTER W WITH DIAERESIS,GF-latin-plus,FALSE,FALSE
Wgrave,7808,Ẁ,LATIN CAPITAL LETTER W WITH GRAVE,GF-latin-plus,FALSE,FALSE
Yacute,221,Ý,LATIN CAPITAL LETTER Y WITH ACUTE,GF-latin-core,FALSE,FALSE
Ycircumflex,374,Ŷ,LATIN CAPITAL LETTER Y WITH CIRCUMFLEX,GF-latin-plus,FALSE,FALSE
Ydieresis,376,Ÿ,LATIN CAPITAL LETTER Y WITH DIAERESIS,GF-latin-plus,FALSE,FALSE
Ydot,7822,Ẏ,LATIN CAPITAL LETTER Y WITH DOT ABOVE,GF-latin-pro,FALSE,FALSE
Ydotbelow,7924,Ỵ,LATIN CAPITAL LETTER Y WITH DOT BELOW,GF-latin-plus,FALSE,FALSE
Ygrave,7922,Ỳ,LATIN CAPITAL LETTER Y WITH GRAVE,GF-latin-plus,FALSE,FALSE
Yhoi,7926,Ỷ,LATIN CAPITAL LETTER Y WITH HOOK ABOVE,GF-latin-plus,FALSE,FALSE
Ymacron,562,Ȳ,LATIN CAPITAL LETTER Y WITH MACRON,GF-latin-plus,FALSE,FALSE
Ytilde,7928,Ỹ,LATIN CAPITAL LETTER Y WITH TILDE,GF-latin-plus,FALSE,FALSE
Zacute,377,Ź,LATIN CAPITAL LETTER Z WITH ACUTE,GF-latin-plus,FALSE,FALSE
Zcaron,381,Ž,LATIN CAPITAL LETTER Z WITH CARON,GF-latin-plus,FALSE,FALSE
Zdotaccent,379,Ż,LATIN CAPITAL LETTER Z WITH DOT ABOVE,GF-latin-plus,FALSE,FALSE
Zdotbelow,7826,Ẓ,LATIN CAPITAL LETTER Z WITH DOT BELOW,GF-latin-pro,FALSE,FALSE
aacute,225,á,LATIN SMALL LETTER A WITH ACUTE,GF-latin-core,FALSE,FALSE
abreve,259,ă,LATIN SMALL LETTER A WITH BREVE,GF-latin-plus,FALSE,FALSE
abreveacute,7855,ắ,LATIN SMALL LETTER A WITH BREVE AND ACUTE,GF-latin-plus,FALSE,FALSE
abrevedotbelow,7863,ặ,LATIN SMALL LETTER A WITH BREVE AND DOT BELOW,GF-latin-plus,FALSE,FALSE
abrevegrave,7857,ằ,LATIN SMALL LETTER A WITH BREVE AND GRAVE,GF-latin-plus,FALSE,FALSE
abrevehoi,7859,ẳ,LATIN SMALL LETTER A WITH BREVE AND HOOK ABOVE,GF-latin-plus,FALSE,FALSE
abrevetilde,7861,ẵ,LATIN SMALL LETTER A WITH BREVE AND TILDE,GF-latin-plus,FALSE,FALSE
acircumflex,226,â,LATIN SMALL LETTER A WITH CIRCUMFLEX,GF-latin-core,FALSE,FALSE
acircumflexacute,7845,ấ,LATIN SMALL LETTER A WITH CIRCUMFLEX AND ACUTE,GF-latin-plus,FALSE,FALSE
acircumflexdotbelow,7853,ậ,LATIN SMALL LETTER A WITH CIRCUMFLEX AND DOT BELOW,GF-latin-plus,FALSE,FALSE
acircumflexgrave,7847,ầ,LATIN SMALL LETTER A WITH CIRCUMFLEX AND GRAVE,GF-latin-plus,FALSE,FALSE
acircumflexhoi,7849,ẩ,LATIN SMALL LETTER A WITH CIRCUMFLEX AND HOOK ABOVE,GF-latin-plus,FALSE,FALSE
acircumflextilde,7851,ẫ,LATIN SMALL LETTER A WITH CIRCUMFLEX AND TILDE,GF-latin-plus,FALSE,FALSE
adieresis,228,ä,LATIN SMALL LETTER A WITH DIAERESIS,GF-latin-core,FALSE,FALSE
adotbelow,7841,ạ,LATIN SMALL LETTER A WITH DOT BELOW,GF-latin-plus,FALSE,FALSE
agravedbl,513,ȁ,LATIN SMALL LETTER A WITH DOUBLE GRAVE,GF-latin-plus,FALSE,FALSE
agrave,224,à,LATIN SMALL LETTER A WITH GRAVE,GF-latin-core,FALSE,FALSE
ahoi,7843,ả,LATIN SMALL LETTER A WITH HOOK ABOVE,GF-latin-plus,FALSE,FALSE
ainvertedbreve,515,ȃ,LATIN SMALL LETTER A WITH INVERTED BREVE,GF-latin-plus,FALSE,FALSE
amacron,257,ā,LATIN SMALL LETTER A WITH MACRON,GF-latin-plus,FALSE,FALSE
aogonek,261,ą,LATIN SMALL LETTER A WITH OGONEK,GF-latin-plus,FALSE,FALSE
aring,229,å,LATIN SMALL LETTER A WITH RING ABOVE,GF-latin-core,FALSE,FALSE
aringacute,507,ǻ,LATIN SMALL LETTER A WITH RING ABOVE AND ACUTE,GF-latin-plus,FALSE,FALSE
atilde,227,ã,LATIN SMALL LETTER A WITH TILDE,GF-latin-core,FALSE,FALSE
ae,230,æ,LATIN SMALL LETTER AE,GF-latin-core,FALSE,FALSE
aeacute,509,ǽ,LATIN SMALL LETTER AE WITH ACUTE,GF-latin-plus,FALSE,FALSE
cacute,263,ć,LATIN SMALL LETTER C WITH ACUTE,GF-latin-plus,FALSE,FALSE
ccaron,269,č,LATIN SMALL LETTER C WITH CARON,GF-latin-plus,FALSE,FALSE
ccedilla,231,ç,LATIN SMALL LETTER C WITH CEDILLA,GF-latin-core,FALSE,FALSE
ccedillaacute,7689,ḉ,LATIN SMALL LETTER C WITH CEDILLA AND ACUTE,GF-latin-pro,FALSE,FALSE
ccircumflex,265,ĉ,LATIN SMALL LETTER C WITH CIRCUMFLEX,GF-latin-plus,FALSE,FALSE
cdotaccent,267,ċ,LATIN SMALL LETTER C WITH DOT ABOVE,GF-latin-plus,FALSE,FALSE
dcaron,271,ď,LATIN SMALL LETTER D WITH CARON,GF-latin-plus,FALSE,FALSE
ddotbelow,7693,ḍ,LATIN SMALL LETTER D WITH DOT BELOW,GF-latin-pro,FALSE,FALSE
dlinebelow,7695,ḏ,LATIN SMALL LETTER D WITH LINE BELOW,GF-latin-pro,FALSE,FALSE
dcroat,273,đ,LATIN SMALL LETTER D WITH STROKE,GF-latin-plus,FALSE,FALSE
eth,240,ð,LATIN SMALL LETTER ETH,GF-latin-core,FALSE,FALSE
eacute,233,é,LATIN SMALL LETTER E WITH ACUTE,GF-latin-core,FALSE,FALSE
ebreve,277,ĕ,LATIN SMALL LETTER E WITH BREVE,GF-latin-plus,FALSE,FALSE
ecaron,283,ě,LATIN SMALL LETTER E WITH CARON,GF-latin-plus,FALSE,FALSE
ecedillabreve,7709,ḝ,LATIN SMALL LETTER E WITH CEDILLA AND BREVE,GF-latin-pro,FALSE,FALSE
ecircumflex,234,ê,LATIN SMALL LETTER E WITH CIRCUMFLEX,GF-latin-core,FALSE,FALSE
ecircumflexacute,7871,ế,LATIN SMALL LETTER E WITH CIRCUMFLEX AND ACUTE,GF-latin-plus,FALSE,FALSE
ecircumflexdotbelow,7879,ệ,LATIN SMALL LETTER E WITH CIRCUMFLEX AND DOT BELOW,GF-latin-plus,FALSE,FALSE
ecircumflexgrave,7873,ề,LATIN SMALL LETTER E WITH CIRCUMFLEX AND GRAVE,GF-latin-plus,FALSE,FALSE
ecircumflexhoi,7875,ể,LATIN SMALL LETTER E WITH CIRCUMFLEX AND HOOK ABOVE,GF-latin-plus,FALSE,FALSE
ecircumflextilde,7877,ễ,LATIN SMALL LETTER E WITH CIRCUMFLEX AND TILDE,GF-latin-plus,FALSE,FALSE
edieresis,235,ë,LATIN SMALL LETTER E WITH DIAERESIS,GF-latin-core,FALSE,FALSE
edotaccent,279,ė,LATIN SMALL LETTER E WITH DOT ABOVE,GF-latin-plus,FALSE,FALSE
edotbelow,7865,ẹ,LATIN SMALL LETTER E WITH DOT BELOW,GF-latin-plus,FALSE,FALSE
egravedbl,517,ȅ,LATIN SMALL LETTER E WITH DOUBLE GRAVE,GF-latin-plus,FALSE,FALSE
egrave,232,è,LATIN SMALL LETTER E WITH GRAVE,GF-latin-core,FALSE,FALSE
ehoi,7867,ẻ,LATIN SMALL LETTER E WITH HOOK ABOVE,GF-latin-plus,FALSE,FALSE
einvertedbreve,519,ȇ,LATIN SMALL LETTER E WITH INVERTED BREVE,GF-latin-plus,FALSE,FALSE
emacron,275,ē,LATIN SMALL LETTER E WITH MACRON,GF-latin-plus,FALSE,FALSE
emacronacute,7703,ḗ,LATIN SMALL LETTER E WITH MACRON AND ACUTE,GF-latin-pro,FALSE,FALSE
emacrongrave,7701,ḕ,LATIN SMALL LETTER E WITH MACRON AND GRAVE,GF-latin-pro,FALSE,FALSE
eogonek,281,ę,LATIN SMALL LETTER E WITH OGONEK,GF-latin-plus,FALSE,FALSE
etilde,7869,ẽ,LATIN SMALL LETTER E WITH TILDE,GF-latin-plus,FALSE,FALSE
fhook,402,ƒ,LATIN SMALL LETTER F WITH HOOK,GF-latin-plus,FALSE,FALSE
gbreve,287,ğ,LATIN SMALL LETTER G WITH BREVE,GF-latin-plus,FALSE,FALSE
gcaron,487,ǧ,LATIN SMALL LETTER G WITH CARON,GF-latin-plus,FALSE,FALSE
gcedilla,291,ģ,LATIN SMALL LETTER G WITH CEDILLA,GF-latin-plus,FALSE,FALSE
gcircumflex,285,ĝ,LATIN SMALL LETTER G WITH CIRCUMFLEX,GF-latin-plus,FALSE,FALSE
gdotaccent,289,ġ,LATIN SMALL LETTER G WITH DOT ABOVE,GF-latin-plus,FALSE,FALSE
gmacron,7713,ḡ,LATIN SMALL LETTER G WITH MACRON,GF-latin-pro,FALSE,FALSE
hbrevebelow,7723,ḫ,LATIN SMALL LETTER H WITH BREVE BELOW,GF-latin-pro,FALSE,FALSE
hcircumflex,293,ĥ,LATIN SMALL LETTER H WITH CIRCUMFLEX,GF-latin-plus,FALSE,FALSE
hdotbelow,7717,ḥ,LATIN SMALL LETTER H WITH DOT BELOW,GF-latin-pro,FALSE,FALSE
hbar,295,ħ,LATIN SMALL LETTER H WITH STROKE,GF-latin-plus,FALSE,FALSE
dotlessi,305,ı,LATIN SMALL LETTER DOTLESS I,GF-latin-core,FALSE,FALSE
iacute,237,í,LATIN SMALL LETTER I WITH ACUTE,GF-latin-core,FALSE,FALSE
ibreve,301,ĭ,LATIN SMALL LETTER I WITH BREVE,GF-latin-plus,FALSE,FALSE
icircumflex,238,î,LATIN SMALL LETTER I WITH CIRCUMFLEX,GF-latin-core,FALSE,FALSE
idieresis,239,ï,LATIN SMALL LETTER I WITH DIAERESIS,GF-latin-core,FALSE,FALSE
idieresisacute,7727,ḯ,LATIN SMALL LETTER I WITH DIAERESIS AND ACUTE,GF-latin-pro,FALSE,FALSE
idotaccent,,,,GF-latin-plus,FALSE,FALSE
idotbelow,7883,ị,LATIN SMALL LETTER I WITH DOT BELOW,GF-latin-plus,FALSE,FALSE
igravedbl,521,ȉ,LATIN SMALL LETTER I WITH DOUBLE GRAVE,GF-latin-plus,FALSE,FALSE
igrave,236,ì,LATIN SMALL LETTER I WITH GRAVE,GF-latin-core,FALSE,FALSE
ihoi,7881,ỉ,LATIN SMALL LETTER I WITH HOOK ABOVE,GF-latin-plus,FALSE,FALSE
iinvertedbreve,523,ȋ,LATIN SMALL LETTER I WITH INVERTED BREVE,GF-latin-plus,FALSE,FALSE
imacron,299,ī,LATIN SMALL LETTER I WITH MACRON,GF-latin-plus,FALSE,FALSE
iogonek,303,į,LATIN SMALL LETTER I WITH OGONEK,GF-latin-plus,FALSE,FALSE
itilde,297,ĩ,LATIN SMALL LETTER I WITH TILDE,GF-latin-plus,FALSE,FALSE
dotlessj,567,ȷ,LATIN SMALL LETTER DOTLESS J,GF-latin-plus,FALSE,FALSE
jcircumflex,309,ĵ,LATIN SMALL LETTER J WITH CIRCUMFLEX,GF-latin-plus,FALSE,FALSE
kcedilla,311,ķ,LATIN SMALL LETTER K WITH CEDILLA,GF-latin-plus,FALSE,FALSE
kra,312,ĸ,LATIN SMALL LETTER KRA,GF-latin-plus,FALSE,FALSE
lacute,314,ĺ,LATIN SMALL LETTER L WITH ACUTE,GF-latin-plus,FALSE,FALSE
lcaron,318,ľ,LATIN SMALL LETTER L WITH CARON,GF-latin-plus,FALSE,FALSE
lcedilla,316,ļ,LATIN SMALL LETTER L WITH CEDILLA,GF-latin-plus,FALSE,FALSE
ldotbelow,7735,ḷ,LATIN SMALL LETTER L WITH DOT BELOW,GF-latin-pro,FALSE,FALSE
llinebelow,7739,ḻ,LATIN SMALL LETTER L WITH LINE BELOW,GF-latin-pro,FALSE,FALSE
ldot,320,ŀ,LATIN SMALL LETTER L WITH MIDDLE DOT,GF-latin-plus,FALSE,FALSE
lslash,322,ł,LATIN SMALL LETTER L WITH STROKE,GF-latin-plus,FALSE,FALSE
mdotbelow,7747,ṃ,LATIN SMALL LETTER M WITH DOT BELOW,GF-latin-pro,FALSE,FALSE
nacute,324,ń,LATIN SMALL LETTER N WITH ACUTE,GF-latin-plus,FALSE,FALSE
ncaron,328,ň,LATIN SMALL LETTER N WITH CARON,GF-latin-plus,FALSE,FALSE
ncedilla,326,ņ,LATIN SMALL LETTER N WITH CEDILLA,GF-latin-plus,FALSE,FALSE
ndot,7749,ṅ,LATIN SMALL LETTER N WITH DOT ABOVE,GF-latin-pro,FALSE,FALSE
ndotbelow,7751,ṇ,LATIN SMALL LETTER N WITH DOT BELOW,GF-latin-pro,FALSE,FALSE
nlinebelow,7753,ṉ,LATIN SMALL LETTER N WITH LINE BELOW,GF-latin-pro,FALSE,FALSE
ntilde,241,ñ,LATIN SMALL LETTER N WITH TILDE,GF-latin-core,FALSE,FALSE
eng,331,ŋ,LATIN SMALL LETTER ENG,GF-latin-plus,FALSE,FALSE
oacute,243,ó,LATIN SMALL LETTER O WITH ACUTE,GF-latin-core,FALSE,FALSE
obreve,335,ŏ,LATIN SMALL LETTER O WITH BREVE,GF-latin-plus,FALSE,FALSE
ocircumflex,244,ô,LATIN SMALL LETTER O WITH CIRCUMFLEX,GF-latin-core,FALSE,FALSE
ocircumflexacute,7889,ố,LATIN SMALL LETTER O WITH CIRCUMFLEX AND ACUTE,GF-latin-plus,FALSE,FALSE
ocircumflexdotbelow,7897,ộ,LATIN SMALL LETTER O WITH CIRCUMFLEX AND DOT BELOW,GF-latin-plus,FALSE,FALSE
ocircumflexgrave,7891,ồ,LATIN SMALL LETTER O WITH CIRCUMFLEX AND GRAVE,GF-latin-plus,FALSE,FALSE
ocircumflexhoi,7893,ổ,LATIN SMALL LETTER O WITH CIRCUMFLEX AND HOOK ABOVE,GF-latin-plus,FALSE,FALSE
ocircumflextilde,7895,ỗ,LATIN SMALL LETTER O WITH CIRCUMFLEX AND TILDE,GF-latin-plus,FALSE,FALSE
odieresis,246,ö,LATIN SMALL LETTER O WITH DIAERESIS,GF-latin-core,FALSE,FALSE
odieresismacron,555,ȫ,LATIN SMALL LETTER O WITH DIAERESIS AND MACRON,GF-latin-plus,FALSE,FALSE
odotmacron,561,ȱ,LATIN SMALL LETTER O WITH DOT ABOVE AND MACRON,GF-latin-plus,FALSE,FALSE
odotbelow,7885,ọ,LATIN SMALL LETTER O WITH DOT BELOW,GF-latin-plus,FALSE,FALSE
ohungarumlaut,337,ő,LATIN SMALL LETTER O WITH DOUBLE ACUTE,GF-latin-plus,FALSE,FALSE
ogravedbl,525,ȍ,LATIN SMALL LETTER O WITH DOUBLE GRAVE,GF-latin-plus,FALSE,FALSE
ograve,242,ò,LATIN SMALL LETTER O WITH GRAVE,GF-latin-core,FALSE,FALSE
ohoi,7887,ỏ,LATIN SMALL LETTER O WITH HOOK ABOVE,GF-latin-plus,FALSE,FALSE
ohorn,417,ơ,LATIN SMALL LETTER O WITH HORN,GF-latin-plus,FALSE,FALSE
ohornacute,7899,ớ,LATIN SMALL LETTER O WITH HORN AND ACUTE,GF-latin-plus,FALSE,FALSE
ohorndotbelow,7907,ợ,LATIN SMALL LETTER O WITH HORN AND DOT BELOW,GF-latin-plus,FALSE,FALSE
ohorngrave,7901,ờ,LATIN SMALL LETTER O WITH HORN AND GRAVE,GF-latin-plus,FALSE,FALSE
ohornhoi,7903,ở,LATIN SMALL LETTER O WITH HORN AND HOOK ABOVE,GF-latin-plus,FALSE,FALSE
ohorntilde,7905,ỡ,LATIN SMALL LETTER O WITH HORN AND TILDE,GF-latin-plus,FALSE,FALSE
oinvertedbreve,527,ȏ,LATIN SMALL LETTER O WITH INVERTED BREVE,GF-latin-plus,FALSE,FALSE
omacron,333,ō,LATIN SMALL LETTER O WITH MACRON,GF-latin-plus,FALSE,FALSE
omacronacute,7763,ṓ,LATIN SMALL LETTER O WITH MACRON AND ACUTE,GF-latin-pro,FALSE,FALSE
omacrongrave,7761,ṑ,LATIN SMALL LETTER O WITH MACRON AND GRAVE,GF-latin-pro,FALSE,FALSE
oogonek,491,ǫ,LATIN SMALL LETTER O WITH OGONEK,GF-latin-plus,FALSE,FALSE
oslash,248,ø,LATIN SMALL LETTER O WITH STROKE,GF-latin-core,FALSE,FALSE
oslashacute,511,ǿ,LATIN SMALL LETTER O WITH STROKE AND ACUTE,GF-latin-plus,FALSE,FALSE
otilde,245,õ,LATIN SMALL LETTER O WITH TILDE,GF-latin-core,FALSE,FALSE
otildeacute,7757,ṍ,LATIN SMALL LETTER O WITH TILDE AND ACUTE,GF-latin-pro,FALSE,FALSE
otildedieresis,7759,ṏ,LATIN SMALL LETTER O WITH TILDE AND DIAERESIS,GF-latin-pro,FALSE,FALSE
otildemacron,557,ȭ,LATIN SMALL LETTER O WITH TILDE AND MACRON,GF-latin-plus,FALSE,FALSE
oe,339,œ,LATIN SMALL LIGATURE OE,GF-latin-core,FALSE,FALSE
racute,341,ŕ,LATIN SMALL LETTER R WITH ACUTE,GF-latin-plus,FALSE,FALSE
rcaron,345,ř,LATIN SMALL LETTER R WITH CARON,GF-latin-plus,FALSE,FALSE
rcedilla,343,ŗ,LATIN SMALL LETTER R WITH CEDILLA,GF-latin-plus,FALSE,FALSE
rdotbelow,7771,ṛ,LATIN SMALL LETTER R WITH DOT BELOW,GF-latin-pro,FALSE,FALSE
rgravedbl,529,ȑ,LATIN SMALL LETTER R WITH DOUBLE GRAVE,GF-latin-plus,FALSE,FALSE
rinvertedbreve,531,ȓ,LATIN SMALL LETTER R WITH INVERTED BREVE,GF-latin-plus,FALSE,FALSE
rlinebelow,7775,ṟ,LATIN SMALL LETTER R WITH LINE BELOW,GF-latin-pro,FALSE,FALSE
sacute,347,ś,LATIN SMALL LETTER S WITH ACUTE,GF-latin-plus,FALSE,FALSE
sacutedotaccent,7781,ṥ,LATIN SMALL LETTER S WITH ACUTE AND DOT ABOVE,GF-latin-pro,FALSE,FALSE
scaron,353,š,LATIN SMALL LETTER S WITH CARON,GF-latin-plus,FALSE,FALSE
scarondot,7783,ṧ,LATIN SMALL LETTER S WITH CARON AND DOT ABOVE,GF-latin-pro,FALSE,FALSE
scedilla,351,ş,LATIN SMALL LETTER S WITH CEDILLA,GF-latin-plus,FALSE,FALSE
scircumflex,349,ŝ,LATIN SMALL LETTER S WITH CIRCUMFLEX,GF-latin-plus,FALSE,FALSE
scommaaccent,537,ș,LATIN SMALL LETTER S WITH COMMA BELOW,GF-latin-plus,FALSE,FALSE
sdot,7777,ṡ,LATIN SMALL LETTER S WITH DOT ABOVE,GF-latin-pro,FALSE,FALSE
sdotbelow,7779,ṣ,LATIN SMALL LETTER S WITH DOT BELOW,GF-latin-pro,FALSE,FALSE
sdotbelowdotabove,7785,ṩ,LATIN SMALL LETTER S WITH DOT BELOW AND DOT ABOVE,GF-latin-pro,FALSE,FALSE
germandbls,223,ß,LATIN SMALL LETTER SHARP S,GF-latin-core,FALSE,FALSE
schwa,601,ə,LATIN SMALL LETTER SCHWA,GF-latin-plus,FALSE,FALSE
tcaron,357,ť,LATIN SMALL LETTER T WITH CARON,GF-latin-plus,FALSE,FALSE
tcedilla,355,ţ,LATIN SMALL LETTER T WITH CEDILLA,GF-latin-plus,FALSE,FALSE
tcommaaccent,539,ț,LATIN SMALL LETTER T WITH COMMA BELOW,GF-latin-plus,FALSE,FALSE
tdieresis,7831,ẗ,LATIN SMALL LETTER T WITH DIAERESIS,GF-latin-pro,FALSE,FALSE
tdotbelow,7789,ṭ,LATIN SMALL LETTER T WITH DOT BELOW,GF-latin-pro,FALSE,FALSE
tlinebelow,7791,ṯ,LATIN SMALL LETTER T WITH LINE BELOW,GF-latin-pro,FALSE,FALSE
tbar,359,ŧ,LATIN SMALL LETTER T WITH STROKE,GF-latin-plus,FALSE,FALSE
thorn,254,þ,LATIN SMALL LETTER THORN,GF-latin-core,FALSE,FALSE
uacute,250,ú,LATIN SMALL LETTER U WITH ACUTE,GF-latin-core,FALSE,FALSE
ubreve,365,ŭ,LATIN SMALL LETTER U WITH BREVE,GF-latin-plus,FALSE,FALSE
ucircumflex,251,û,LATIN SMALL LETTER U WITH CIRCUMFLEX,GF-latin-core,FALSE,FALSE
udieresis,252,ü,LATIN SMALL LETTER U WITH DIAERESIS,GF-latin-core,FALSE,FALSE
udotbelow,7909,ụ,LATIN SMALL LETTER U WITH DOT BELOW,GF-latin-plus,FALSE,FALSE
uhungarumlaut,369,ű,LATIN SMALL LETTER U WITH DOUBLE ACUTE,GF-latin-plus,FALSE,FALSE
ugravedbl,533,ȕ,LATIN SMALL LETTER U WITH DOUBLE GRAVE,GF-latin-plus,FALSE,FALSE
ugrave,249,ù,LATIN SMALL LETTER U WITH GRAVE,GF-latin-core,FALSE,FALSE
uhoi,7911,ủ,LATIN SMALL LETTER U WITH HOOK ABOVE,GF-latin-plus,FALSE,FALSE
uhorn,432,ư,LATIN SMALL LETTER U WITH HORN,GF-latin-plus,FALSE,FALSE
uhornacute,7913,ứ,LATIN SMALL LETTER U WITH HORN AND ACUTE,GF-latin-plus,FALSE,FALSE
uhorndotbelow,7921,ự,LATIN SMALL LETTER U WITH HORN AND DOT BELOW,GF-latin-plus,FALSE,FALSE
uhorngrave,7915,ừ,LATIN SMALL LETTER U WITH HORN AND GRAVE,GF-latin-plus,FALSE,FALSE
uhornhoi,7917,ử,LATIN SMALL LETTER U WITH HORN AND HOOK ABOVE,GF-latin-plus,FALSE,FALSE
uhorntilde,7919,ữ,LATIN SMALL LETTER U WITH HORN AND TILDE,GF-latin-plus,FALSE,FALSE
uinvertedbreve,535,ȗ,LATIN SMALL LETTER U WITH INVERTED BREVE,GF-latin-plus,FALSE,FALSE
umacron,363,ū,LATIN SMALL LETTER U WITH MACRON,GF-latin-plus,FALSE,FALSE
umacrondieresis,7803,ṻ,LATIN SMALL LETTER U WITH MACRON AND DIAERESIS,GF-latin-pro,FALSE,FALSE
uogonek,371,ų,LATIN SMALL LETTER U WITH OGONEK,GF-latin-plus,FALSE,FALSE
uring,367,ů,LATIN SMALL LETTER U WITH RING ABOVE,GF-latin-plus,FALSE,FALSE
utilde,361,ũ,LATIN SMALL LETTER U WITH TILDE,GF-latin-plus,FALSE,FALSE
utildeacute,7801,ṹ,LATIN SMALL LETTER U WITH TILDE AND ACUTE,GF-latin-pro,FALSE,FALSE
wacute,7811,ẃ,LATIN SMALL LETTER W WITH ACUTE,GF-latin-plus,FALSE,FALSE
wcircumflex,373,ŵ,LATIN SMALL LETTER W WITH CIRCUMFLEX,GF-latin-plus,FALSE,FALSE
wdieresis,7813,ẅ,LATIN SMALL LETTER W WITH DIAERESIS,GF-latin-plus,FALSE,FALSE
wgrave,7809,ẁ,LATIN SMALL LETTER W WITH GRAVE,GF-latin-plus,FALSE,FALSE
yacute,253,ý,LATIN SMALL LETTER Y WITH ACUTE,GF-latin-core,FALSE,FALSE
ycircumflex,375,ŷ,LATIN SMALL LETTER Y WITH CIRCUMFLEX,GF-latin-plus,FALSE,FALSE
ydieresis,255,ÿ,LATIN SMALL LETTER Y WITH DIAERESIS,GF-latin-core,FALSE,FALSE
ydot,7823,ẏ,LATIN SMALL LETTER Y WITH DOT ABOVE,GF-latin-pro,FALSE,FALSE
ydotbelow,7925,ỵ,LATIN SMALL LETTER Y WITH DOT BELOW,GF-latin-plus,FALSE,FALSE
ygrave,7923,ỳ,LATIN SMALL LETTER Y WITH GRAVE,GF-latin-plus,FALSE,FALSE
yhoi,7927,ỷ,LATIN SMALL LETTER Y WITH HOOK ABOVE,GF-latin-plus,FALSE,FALSE
ymacron,563,ȳ,LATIN SMALL LETTER Y WITH MACRON,GF-latin-plus,FALSE,FALSE
ytilde,7929,ỹ,LATIN SMALL LETTER Y WITH TILDE,GF-latin-plus,FALSE,FALSE
zacute,378,ź,LATIN SMALL LETTER Z WITH ACUTE,GF-latin-plus,FALSE,FALSE
zcaron,382,ž,LATIN SMALL LETTER Z WITH CARON,GF-latin-plus,FALSE,FALSE
zdotaccent,380,ż,LATIN SMALL LETTER Z WITH DOT ABOVE,GF-latin-plus,FALSE,FALSE
zdotbelow,7827,ẓ,LATIN SMALL LETTER Z WITH DOT BELOW,GF-latin-pro,FALSE,FALSE
space,32,, SPACE,GF-latin-core,FALSE,FALSE
nbspace,160, ,NO-BREAK SPACE,GF-latin-core,FALSE,FALSE
figurespace,8199, ,FIGURE SPACE,GF-latin-pro,FALSE,FALSE
punctuationspace,8200, ,PUNCTUATION SPACE,GF-latin-pro,FALSE,FALSE
thinspace,8201, ,THIN SPACE,GF-latin-pro,FALSE,FALSE
hairspace,8202, ,HAIR SPACE,GF-latin-pro,FALSE,FALSE
zerowidthspace,8203,​,ZERO WIDTH SPACE,GF-latin-pro,FALSE,FALSE
figuredash,8210,‒,FIGURE DASH,GF-latin-pro,FALSE,FALSE
horizontalbar,8213,―,HORIZONTAL BAR,GF-latin-pro,FALSE,FALSE
fi,64257,ﬁ,LATIN SMALL LIGATURE FI,GF-latin-plus,FALSE,TRUE
fl,64258,ﬂ,LATIN SMALL LIGATURE FL,GF-latin-plus,FALSE,TRUE
f_f,,,,GF-latin-plus,FALSE,TRUE
f_f_i,,,,GF-latin-plus,FALSE,TRUE
f_f_l,,,,GF-latin-plus,FALSE,TRUE
T_h,,,,GF-latin-expert,FALSE,TRUE
c_h,,,,GF-latin-expert,FALSE,TRUE
c_t,,,,GF-latin-expert,FALSE,TRUE
s_t,,,,GF-latin-expert,FALSE,TRUE
NJ,458,Ǌ,LATIN CAPITAL LETTER NJ,GF-latin-plus,FALSE,FALSE
Nj,459,ǋ,LATIN CAPITAL LETTER N WITH SMALL LETTER J,GF-latin-plus,FALSE,FALSE
nj,460,ǌ,LATIN SMALL LETTER NJ,GF-latin-plus,FALSE,FALSE
LJ,455,Ǉ,LATIN CAPITAL LETTER LJ,GF-latin-plus,FALSE,FALSE
Lj,456,ǈ,LATIN CAPITAL LETTER L WITH SMALL LETTER J,GF-latin-plus,FALSE,FALSE
lj,457,ǉ,LATIN SMALL LETTER LJ,GF-latin-plus,FALSE,FALSE
DZcaron,452,Ǆ,LATIN CAPITAL LETTER DZ WITH CARON,GF-latin-plus,FALSE,FALSE
Dzcaron,453,ǅ,LATIN CAPITAL LETTER D WITH SMALL LETTER Z WITH CARON,GF-latin-plus,FALSE,FALSE
dzcaron,454,ǆ,LATIN SMALL LETTER DZ WITH CARON,GF-latin-plus,FALSE,FALSE
zero.lf,,,,GF-latin-plus,FALSE,TRUE
one.lf,,,,GF-latin-plus,FALSE,TRUE
two.lf,,,,GF-latin-plus,FALSE,TRUE
three.lf,,,,GF-latin-plus,FALSE,TRUE
four.lf,,,,GF-latin-plus,FALSE,TRUE
five.lf,,,,GF-latin-plus,FALSE,TRUE
six.lf,,,,GF-latin-plus,FALSE,TRUE
seven.lf,,,,GF-latin-plus,FALSE,TRUE
eight.lf,,,,GF-latin-plus,FALSE,TRUE
nine.lf,,,,GF-latin-plus,FALSE,TRUE
zero.zero,,,,GF-latin-plus,TRUE,TRUE
parenright.case,,,,GF-latin-pro,TRUE,TRUE
hyphen.case,,,,GF-latin-pro,TRUE,TRUE
slash.case,,,,GF-latin-pro,TRUE,TRUE
at.case,,,,GF-latin-pro,TRUE,TRUE
bracketleft.case,,,,GF-latin-pro,TRUE,TRUE
backslash.case,,,,GF-latin-pro,TRUE,TRUE
bracketright.case,,,,GF-latin-pro,TRUE,TRUE
braceleft.case,,,,GF-latin-pro,TRUE,TRUE
braceright.case,,,,GF-latin-pro,TRUE,TRUE
guillemetleft.case,,,,GF-latin-pro,TRUE,TRUE
periodcentered.case,,,,GF-latin-pro,TRUE,TRUE
guillemetright.case,,,,GF-latin-pro,TRUE,TRUE
endash.case,,,,GF-latin-pro,TRUE,TRUE
emdash.case,,,,GF-latin-pro,TRUE,TRUE
bullet.case,,,,GF-latin-pro,TRUE,TRUE
guilsinglleft.case,,,,GF-latin-pro,TRUE,TRUE
guilsinglright.case,,,,GF-latin-pro,TRUE,TRUE
gravecmb.case,,,,GF-latin-plus,TRUE,TRUE
acutecmb.case,,,,GF-latin-plus,TRUE,TRUE
circumflexcmb.case,,,,GF-latin-plus,TRUE,TRUE
tildecmb.case,,,,GF-latin-plus,TRUE,TRUE
macroncmb.case,,,,GF-latin-plus,TRUE,TRUE
brevecmb.case,,,,GF-latin-plus,TRUE,TRUE
dotaccentcmb.case,,,,GF-latin-plus,TRUE,TRUE
dieresiscmb.case,,,,GF-latin-plus,TRUE,TRUE
hookabovecmb.case,,,,GF-latin-plus,TRUE,TRUE
ringcmb.case,,,,GF-latin-plus,TRUE,TRUE
hungarumlautcmb.case,,,,GF-latin-plus,TRUE,TRUE
caroncmb.case,,,,GF-latin-plus,TRUE,TRUE
dblgravecmb.case,,,,GF-latin-plus,TRUE,TRUE
breveinvertedcmb.case,,,,GF-latin-plus,TRUE,TRUE
commaturnedabovecmb.case,,,,GF-latin-plus,TRUE,TRUE
horncmb.case,,,,GF-latin-plus,TRUE,TRUE
dotbelowcmb.case,,,,GF-latin-plus,TRUE,TRUE
dieresisbelowcmb.case,,,,GF-latin-plus,TRUE,TRUE
commaaccentcmb.case,,,,GF-latin-plus,TRUE,TRUE
cedillacmb.case,,,,GF-latin-plus,TRUE,TRUE
ogonekcmb.case,,,,GF-latin-plus,TRUE,TRUE
brevebelowcmb.case,,,,GF-latin-plus,TRUE,TRUE
macronbelowcmb.case,,,,GF-latin-plus,TRUE,TRUE
periodcentered.loclCAT.case,,,,GF-latin-plus,TRUE,TRUE
commaturnedmod,699,ʻ,MODIFIER LETTER TURNED COMMA,GF-latin-pro,FALSE,FALSE
ringhalfrightmod,702,ʾ,MODIFIER LETTER RIGHT HALF RING,GF-latin-pro,FALSE,FALSE
ringhalfleftmod,703,ʿ,MODIFIER LETTER LEFT HALF RING,GF-latin-pro,FALSE,FALSE
verticallinemod,712,ˈ,MODIFIER LETTER VERTICAL LINE,GF-latin-pro,FALSE,FALSE
macronmod,713,ˉ,MODIFIER LETTER MACRON,GF-latin-pro,FALSE,FALSE
acutemod,714,ˊ,MODIFIER LETTER ACUTE ACCENT,GF-latin-pro,FALSE,FALSE
gravemod,715,ˋ,MODIFIER LETTER GRAVE ACCENT,GF-latin-pro,FALSE,FALSE
verticallinelowmod,716,ˌ,MODIFIER LETTER LOW VERTICAL LINE,GF-latin-pro,FALSE,FALSE
arrowleft,8592,←,LEFTWARDS ARROW,GF-latin-expert,FALSE,FALSE
arrowup,8593,↑,UPWARDS ARROW,GF-latin-expert,FALSE,FALSE
arrowright,8594,→,RIGHTWARDS ARROW,GF-latin-expert,FALSE,FALSE
arrowdown,8595,↓,DOWNWARDS ARROW,GF-latin-expert,FALSE,FALSE
squareblack,9632,■,BLACK SQUARE,GF-latin-expert,FALSE,FALSE
squarewhite,9633,□,WHITE SQUARE,GF-latin-expert,FALSE,FALSE
triangleupblack,9650,▲,BLACK UP-POINTING TRIANGLE,GF-latin-expert,FALSE,FALSE
triangleupwhite,9651,△,WHITE UP-POINTING TRIANGLE,GF-latin-expert,FALSE,FALSE
trianglerightblack,9654,▶,BLACK RIGHT-POINTING TRIANGLE,GF-latin-expert,FALSE,FALSE
trianglerightwhite,9655,▷,WHITE RIGHT-POINTING TRIANGLE,GF-latin-expert,FALSE,FALSE
triangledownblack,9660,▼,BLACK DOWN-POINTING TRIANGLE,GF-latin-expert,FALSE,FALSE
triangledownwhite,9661,▽,WHITE DOWN-POINTING TRIANGLE,GF-latin-expert,FALSE,FALSE
triangleleftblack,9664,◀,BLACK LEFT-POINTING TRIANGLE,GF-latin-expert,FALSE,FALSE
triangleleftwhite,9665,◁,WHITE LEFT-POINTING TRIANGLE,GF-latin-expert,FALSE,FALSE
gmtr:diamondblack,9670,◆,BLACK DIAMOND,GF-latin-expert,FALSE,FALSE
gmtr:diamondwhite,9671,◇,WHITE DIAMOND,GF-latin-expert,FALSE,FALSE
NULL,,,,GF-latin-core,FALSE,FALSE
CR,13,, CR,GF-latin-core,FALSE,FALSE